poll_id,pollster_id,pollster,sponsor_ids,sponsors,display_name,pollster_rating_id,pollster_rating_name,fte_grade,methodology,state,start_date,end_date,sponsor_candidate_id,sponsor_candidate,sponsor_candidate_party,question_id,sample_size,population,subpopulation,population_full,tracking,created_at,notes,url,source,internal,partisan,race_id,office_type,house_district,senate_class,special,candidateid_0,answer_0,pct_0,candidateid_1,answer_1,pct_1,candidateid_2,answer_2,pct_2,candidateid_3,answer_3,pct_3,candidateid_4,answer_4,pct_4,candidateid_5,answer_5,pct_5,candidateid_6,answer_6,pct_6,candidateid_7,answer_7,pct_7,candidateid_8,answer_8,pct_8,candidateid_9,answer_9,pct_9,candidateid_10,answer_10,pct_10,candidateid_11,answer_11,pct_11,candidateid_12,answer_12,pct_12,candidateid_13,answer_13,pct_13,candidateid_14,answer_14,pct_14,candidateid_15,answer_15,pct_15,candidateid_16,answer_16,pct_16,candidateid_17,answer_17,pct_17,candidateid_18,answer_18,pct_18,candidateid_19,answer_19,pct_19,candidateid_20,answer_20,pct_20,candidateid_21,answer_21,pct_21,candidateid_22,answer_22,pct_22,candidateid_23,answer_23,pct_23,candidateid_24,answer_24,pct_24
63872,771,JZ Analytics,"","",Zogby Interactive/JZ Analytics,395,Zogby Interactive/JZ Analytics,B-,Online,,10/30/10,11/1/10,,"",,117601,2056,,,,,2/14/20 10:38,aka Zogby Interactive/JZ Analytics; dates approximate - Nate's polls,,538,false,,8657,U.S. House,,,false,13740,DEM,45.0,13741,REP,50.0,,,,,,,,,,,,,,,,,,,,,,,,,,,,,,,,,,,,,,,,,,,,,,,,,,,,,,,,,,,,,,,,,,,,,
1072,1292,Hart Research Associates/Public Opinion Strategies,"132,276",NBC News | Wall Street Journal,Hart Research Associates/Public Opinion Strategies,221,NBC News/The Wall Street Journal,B+,Live Phone,,10/28/10,10/30/10,,"",,117573,748,,,,,2/14/20 10:29,dates approximate - Nate's polls,,538,false,,8657,U.S. House,,,false,13740,DEM,46.0,13741,REP,51.0,,,,,,,,,,,,,,,,,,,,,,,,,,,,,,,,,,,,,,,,,,,,,,,,,,,,,,,,,,,,,,,,,,,,,
27375,169,Gallup,135,USA Today,Gallup,112,Gallup,B+,Live Phone,,10/28/10,10/31/10,,"",,32653,,"",,"",,9/18/12 17:50,"",,538-old,false,,8657,U.S. House,,,false,13740,DEM,40.0,13741,REP,55.0,,,,,,,,,,,,,,,,,,,,,,,,,,,,,,,,,,,,,,,,,,,,,,,,,,,,,,,,,,,,,,,,,,,,,
1073,568,YouGov,"","",YouGov,391,YouGov,B+,Online,,10/28/10,11/1/10,,"",,117596,1634,,,,,2/14/20 10:37,dates approximate - Nate's polls,,538,false,,8657,U.S. House,,,false,13740,DEM,45.0,13741,REP,52.0,,,,,,,,,,,,,,,,,,,,,,,,,,,,,,,,,,,,,,,,,,,,,,,,,,,,,,,,,,,,,,,,,,,,,
27375,169,Gallup,135,USA Today,Gallup,112,Gallup,B+,Live Phone,,10/28/10,10/31/10,,"",,117332,1539,"",,"",,2/13/20 14:59,"",,538,false,,8657,U.S. House,,,false,13740,DEM,41.0,13741,REP,53.5,,,,,,,,,,,,,,,,,,,,,,,,,,,,,,,,,,,,,,,,,,,,,,,,,,,,,,,,,,,,,,,,,,,,,
1071,241,Ipsos,71,Reuters,Ipsos,154,Ipsos,B-,Online,,10/28/10,10/31/10,,"",,32654,,,,,,9/18/12 17:50,"",,538-old,false,,8657,U.S. House,,,false,13740,DEM,44.0,13741,REP,50.0,,,,,,,,,,,,,,,,,,,,,,,,,,,,,,,,,,,,,,,,,,,,,,,,,,,,,,,,,,,,,,,,,,,,,
27379,370,Pew,"","",Pew Research Center,253,Pew Research Center,B/C,Live Phone,,10/27/10,10/30/10,,"",,32657,,,,,,9/18/12 17:50,"",,538-old,false,,8657,U.S. House,,,false,13740,DEM,42.0,13741,REP,48.0,,,,,,,,,,,,,,,,,,,,,,,,,,,,,,,,,,,,,,,,,,,,,,,,,,,,,,,,,,,,,,,,,,,,,
27378,100,Opinion Research Corporation,143,CNN,Opinion Research Corporation,37,Big Village/Opinion Research Corporation,B,Live Phone,,10/27/10,10/30/10,,"",,32656,,,,,,9/18/12 17:50,"",http://i2.cdn.turner.com/cnn/2010/images/10/30/rel15a.pdf,538-old,false,,8657,U.S. House,,,false,13740,DEM,42.0,13741,REP,52.0,,,,,,,,,,,,,,,,,,,,,,,,,,,,,,,,,,,,,,,,,,,,,,,,,,,,,,,,,,,,,,,,,,,,,
28731,357,Opinion Dynamics,149,FOX News,Fox News/Opinion Dynamics Corp.,104,Fox News/Opinion Dynamics Corp.,A/B,Live Phone,,10/26/10,10/28/10,,"",,32658,,,,,,9/18/12 17:50,"",http://www.foxnews.com/projects/pdf/102910_election_web.pdf,538-old,false,,8657,U.S. House,,,false,13740,DEM,37.0,13741,REP,50.0,,,,,,,,,,,,,,,,,,,,,,,,,,,,,,,,,,,,,,,,,,,,,,,,,,,,,,,,,,,,,,,,,,,,,
27381,1704,ABC/Washington Post,"","",ABC News/The Washington Post,3,ABC News/The Washington Post,A+,Live Phone,,10/25/10,10/28/10,,"",,32659,,,,,,9/18/12 17:50,"",,538-old,false,,8657,U.S. House,,,false,13740,DEM,45.0,13741,REP,49.0,,,,,,,,,,,,,,,,,,,,,,,,,,,,,,,,,,,,,,,,,,,,,,,,,,,,,,,,,,,,,,,,,,,,,
27377,399,Rasmussen (Pulse Opinion Research),"","",Rasmussen Reports/Pulse Opinion Research,277,Rasmussen Reports/Pulse Opinion Research,B,IVR,,10/25/10,10/31/10,,"",,32655,,,,,,9/18/12 17:50,"",,538-old,false,,8657,U.S. House,,,false,13740,DEM,39.0,13741,REP,51.0,,,,,,,,,,,,,,,,,,,,,,,,,,,,,,,,,,,,,,,,,,,,,,,,,,,,,,,,,,,,,,,,,,,,,
27382,437,Selzer,96,Bloomberg,Selzer & Co.,304,Selzer & Co.,A+,Live Phone,,10/24/10,10/26/10,,"",,32660,,,,,,9/18/12 17:50,"",,538-old,false,,8657,U.S. House,,,false,13740,DEM,44.0,13741,REP,47.0,,,,,,,,,,,,,,,,,,,,,,,,,,,,,,,,,,,,,,,,,,,,,,,,,,,,,,,,,,,,,,,,,,,,,
43150,1267,WG/New Models,1313,New Models,The Winston Group,385,The Winston Group,A/B,Live Phone,,10/23/10,10/24/10,,"",,124139,1000,rv,,rv,,5/29/20 13:40,"",https://www.winningtheissues.org/wp-content/uploads/2016/06/Oct-II-Website-Aggs.pdf,538,false,REP,8657,U.S. House,,,false,13740,DEM,48.0,13741,REP,46.0,,Undecided,4.0,,Don’t Know/Refused (DO NOT READ),2.0,,,,,,,,,,,,,,,,,,,,,,,,,,,,,,,,,,,,,,,,,,,,,,,,,,,,,,,,,,,,,,,
63871,771,JZ Analytics,"","",Zogby Interactive/JZ Analytics,395,Zogby Interactive/JZ Analytics,B-,Online,,10/23/10,10/25/10,,"",,117600,2070,,,,,2/14/20 10:38,aka Zogby Interactive/JZ Analytics; dates approximate - Nate's polls,,538,false,,8657,U.S. House,,,false,13740,DEM,43.0,13741,REP,48.0,,,,,,,,,,,,,,,,,,,,,,,,,,,,,,,,,,,,,,,,,,,,,,,,,,,,,,,,,,,,,,,,,,,,,
1081,187,Greenberg Quinlan Rosner,471,Democracy Corps,GQR,126,GQR Research (GQRR),B,Live Phone,,10/23/10,10/25/10,,"",,117347,800,,,,,2/13/20 15:03,dates approximate - Nate's polls,,538,false,DEM,8657,U.S. House,,,false,13740,DEM,43.0,13741,REP,50.0,,,,,,,,,,,,,,,,,,,,,,,,,,,,,,,,,,,,,,,,,,,,,,,,,,,,,,,,,,,,,,,,,,,,,
1083,568,YouGov,"","",YouGov,391,YouGov,B+,Online,,10/23/10,10/26/10,,"",,117595,1147,,,,,2/14/20 10:36,dates approximate - Nate's polls,,538,false,,8657,U.S. House,,,false,13740,DEM,44.0,13741,REP,52.0,,,,,,,,,,,,,,,,,,,,,,,,,,,,,,,,,,,,,,,,,,,,,,,,,,,,,,,,,,,,,,,,,,,,,
27384,1205,Marist,"132,360",NBC News | McClatchy Newspapers,Marist College,183,Marist College,A,Live Phone,,10/22/10,10/25/10,,"",,32662,,,,,,9/18/12 17:50,"",,538-old,false,,8657,U.S. House,,,false,13740,DEM,43.0,13741,REP,49.0,,,,,,,,,,,,,,,,,,,,,,,,,,,,,,,,,,,,,,,,,,,,,,,,,,,,,,,,,,,,,,,,,,,,,
27384,1205,Marist,"132,360",NBC News | McClatchy Newspapers,Marist College,183,Marist College,A,Live Phone,,10/22/10,10/25/10,,"",,117567,416,lv,,lv,,2/14/20 10:27,"",,538,false,,8657,U.S. House,,,false,13740,DEM,46.0,13741,REP,46.0,,,,,,,,,,,,,,,,,,,,,,,,,,,,,,,,,,,,,,,,,,,,,,,,,,,,,,,,,,,,,,,,,,,,,
27383,80,The New York Times/CBS News,"","",CBS News/The New York Times,36,CBS News/The New York Times,A-,Live Phone,,10/21/10,10/26/10,,"",,32661,,,,,,9/18/12 17:50,"",,538-old,false,,8657,U.S. House,,,false,13740,DEM,43.0,13741,REP,49.0,,,,,,,,,,,,,,,,,,,,,,,,,,,,,,,,,,,,,,,,,,,,,,,,,,,,,,,,,,,,,,,,,,,,,
63732,1270,Douglas Schoen,"","",Schoen Cooperman Research,301,Schoen Cooperman Research,B/C,Live Phone,,10/21/10,10/23/10,,"",,117331,1000,,,,,2/13/20 14:59,dates approximate - Nate's polls,,538,false,,8657,U.S. House,,,false,13740,DEM,39.0,13741,REP,48.0,,,,,,,,,,,,,,,,,,,,,,,,,,,,,,,,,,,,,,,,,,,,,,,,,,,,,,,,,,,,,,,,,,,,,
1088,390,PSRAI,380,Newsweek,PSRAI,258,Princeton Survey Research Associates International,A/B,Live Phone,,10/20/10,10/21/10,,"",,32664,,,,,,9/18/12 17:50,"",,538-old,false,,8657,U.S. House,,,false,13740,DEM,48.0,13741,REP,45.0,,,,,,,,,,,,,,,,,,,,,,,,,,,,,,,,,,,,,,,,,,,,,,,,,,,,,,,,,,,,,,,,,,,,,
1089,399,Rasmussen (Pulse Opinion Research),"","",Rasmussen Reports/Pulse Opinion Research,277,Rasmussen Reports/Pulse Opinion Research,B,IVR,,10/20/10,10/22/10,,"",,117360,3500,,,,,2/13/20 15:06,"",,538,false,,8657,U.S. House,,,false,13740,DEM,40.0,13741,REP,49.0,,,,,,,,,,,,,,,,,,,,,,,,,,,,,,,,,,,,,,,,,,,,,,,,,,,,,,,,,,,,,,,,,,,,,
27385,399,Rasmussen (Pulse Opinion Research),"","",Rasmussen Reports/Pulse Opinion Research,277,Rasmussen Reports/Pulse Opinion Research,B,IVR,,10/18/10,10/24/10,,"",,32663,,,,,,9/18/12 17:50,"",,538-old,false,,8657,U.S. House,,,false,13740,DEM,39.0,13741,REP,51.0,,,,,,,,,,,,,,,,,,,,,,,,,,,,,,,,,,,,,,,,,,,,,,,,,,,,,,,,,,,,,,,,,,,,,
63736,169,Gallup,"","",Gallup,112,Gallup,B+,Live Phone,,10/18/10,10/20/10,,"",,117339,1900,,,,,2/13/20 15:01,dates approximate - Nate's polls,,538,false,,8657,U.S. House,,,false,13740,DEM,42.0,13741,REP,54.0,,,,,,,,,,,,,,,,,,,,,,,,,,,,,,,,,,,,,,,,,,,,,,,,,,,,,,,,,,,,,,,,,,,,,
1092,261,Lake Research Partners/The Tarrance Group,"508,538",George Washington University | Politico,Lake Research Partners/The Tarrance Group,114,Georgetown University (Battleground),A/B,Live Phone,,10/17/10,10/20/10,,"",,32665,,,,,,9/18/12 17:50,"",https://mediarelations.gwu.edu/sites/g/files/zaxdzs2081/f/Oct.%2025%202010%20Graphical.PDF,538-old,false,,8657,U.S. House,,,false,13740,DEM,42.0,13741,REP,47.0,,,,,,,,,,,,,,,,,,,,,,,,,,,,,,,,,,,,,,,,,,,,,,,,,,,,,,,,,,,,,,,,,,,,,
63870,771,JZ Analytics,"","",Zogby Interactive/JZ Analytics,395,Zogby Interactive/JZ Analytics,B-,Online,,10/16/10,10/18/10,,"",,117599,2068,,,,,2/14/20 10:37,aka Zogby Interactive/JZ Analytics; dates approximate - Nate's polls,,538,false,,8657,U.S. House,,,false,13740,DEM,41.0,13741,REP,48.0,,,,,,,,,,,,,,,,,,,,,,,,,,,,,,,,,,,,,,,,,,,,,,,,,,,,,,,,,,,,,,,,,,,,,
1096,568,YouGov,"","",YouGov,391,YouGov,B+,Online,,10/16/10,10/19/10,,"",,117594,742,,,,,2/14/20 10:36,"likely voter results culled from crosstabs, dates approximate - Nate's polls",,538,false,,8657,U.S. House,,,false,13740,DEM,43.9,13741,REP,51.4,,,,,,,,,,,,,,,,,,,,,,,,,,,,,,,,,,,,,,,,,,,,,,,,,,,,,,,,,,,,,,,,,,,,,
43148,187,Greenberg Quinlan Rosner,471,Democracy Corps,GQR,126,GQR Research (GQRR),B,Live Phone,,10/16/10,10/18/10,,"",,117346,801,,,,,2/13/20 15:03,dates approximate - Nate's polls,http://ropercenter.cornell.edu/polls/presidential-approval/,538,false,DEM,8657,U.S. House,,,false,13740,DEM,45.0,13741,REP,50.0,,,,,,,,,,,,,,,,,,,,,,,,,,,,,,,,,,,,,,,,,,,,,,,,,,,,,,,,,,,,,,,,,,,,,
43147,1267,WG/New Models,1313,New Models,The Winston Group,385,The Winston Group,A/B,Live Phone,,10/13/10,10/14/10,,"",,124138,1000,rv,,rv,,5/29/20 13:40,"",https://www.winningtheissues.org/wp-content/uploads/2016/06/Oct-I-Website-aggs.pdf,538,false,REP,8657,U.S. House,,,false,13740,DEM,47.0,13741,REP,46.0,,Undecided,3.0,,Don’t Know/Refused (DO NOT READ),3.0,,,,,,,,,,,,,,,,,,,,,,,,,,,,,,,,,,,,,,,,,,,,,,,,,,,,,,,,,,,,,,,
1103,370,Pew,"","",Pew Research Center,253,Pew Research Center,B/C,Live Phone,,10/13/10,10/18/10,,"",,32667,,,,,,9/18/12 17:50,"",,538-old,false,,8657,U.S. House,,,false,13740,DEM,40.0,13741,REP,50.0,,,,,,,,,,,,,,,,,,,,,,,,,,,,,,,,,,,,,,,,,,,,,,,,,,,,,,,,,,,,,,,,,,,,,
27388,613,Associated Press/GfK,398,AP,GfK Group,115,GfK Group,A/B,Live Phone,,10/13/10,10/18/10,,"",,32666,,,,,,9/18/12 17:50,"",https://ropercenter.cornell.edu/ipoll/search?collection=LSM&q=69606&keywordOptions=&exclude=&excludeOptions=&topic=&organization=&fromDate=&toDate=&sortBy=BEG_DATE_DESC&studyId=69606&label=&id=1772418&mfts=mfts&method=,538-old,false,,8657,U.S. House,,,false,13740,DEM,43.0,13741,REP,50.0,,,,,,,,,,,,,,,,,,,,,,,,,,,,,,,,,,,,,,,,,,,,,,,,,,,,,,,,,,,,,,,,,,,,,
27390,399,Rasmussen (Pulse Opinion Research),"","",Rasmussen Reports/Pulse Opinion Research,277,Rasmussen Reports/Pulse Opinion Research,B,IVR,,10/11/10,10/17/10,,"",,32668,,,,,,9/18/12 17:50,"",,538-old,false,,8657,U.S. House,,,false,13740,DEM,39.0,13741,REP,48.0,,,,,,,,,,,,,,,,,,,,,,,,,,,,,,,,,,,,,,,,,,,,,,,,,,,,,,,,,,,,,,,,,,,,,
1104,357,Opinion Dynamics,149,FOX News,Fox News/Opinion Dynamics Corp.,104,Fox News/Opinion Dynamics Corp.,A/B,Live Phone,,10/11/10,10/13/10,,"",,32669,,,,,,9/18/12 17:50,"",,538-old,false,,8657,U.S. House,,,false,13740,DEM,39.0,13741,REP,48.0,,,,,,,,,,,,,,,,,,,,,,,,,,,,,,,,,,,,,,,,,,,,,,,,,,,,,,,,,,,,,,,,,,,,,
63735,169,Gallup,"","",Gallup,112,Gallup,B+,Live Phone,,10/11/10,10/13/10,,"",,117338,1951,,,,,2/13/20 15:01,dates approximate - Nate's polls,,538,false,,8657,U.S. House,,,false,13740,DEM,40.5,13741,REP,54.5,,,,,,,,,,,,,,,,,,,,,,,,,,,,,,,,,,,,,,,,,,,,,,,,,,,,,,,,,,,,,,,,,,,,,
27393,437,Selzer,96,Bloomberg,Selzer & Co.,304,Selzer & Co.,A+,Live Phone,,10/7/10,10/10/10,,"",,32671,,,,,,9/18/12 17:50,"",,538-old,false,,8657,U.S. House,,,false,13740,DEM,42.0,13741,REP,40.0,,,,,,,,,,,,,,,,,,,,,,,,,,,,,,,,,,,,,,,,,,,,,,,,,,,,,,,,,,,,,,,,,,,,,
1111,241,Ipsos,71,Reuters,Ipsos,154,Ipsos,B-,,,10/7/10,10/11/10,,"",,32670,,,,,,9/18/12 17:50,"",,538-old,false,,8657,U.S. House,,,false,13740,DEM,44.0,13741,REP,48.0,,,,,,,,,,,,,,,,,,,,,,,,,,,,,,,,,,,,,,,,,,,,,,,,,,,,,,,,,,,,,,,,,,,,,
1113,100,Opinion Research Corporation,143,CNN,Opinion Research Corporation,37,Big Village/Opinion Research Corporation,B,,,10/5/10,10/7/10,,"",,32673,,,,,,9/18/12 17:50,"",,538-old,false,,8657,U.S. House,,,false,13740,DEM,45.0,13741,REP,52.0,,,,,,,,,,,,,,,,,,,,,,,,,,,,,,,,,,,,,,,,,,,,,,,,,,,,,,,,,,,,,,,,,,,,,
27394,399,Rasmussen (Pulse Opinion Research),"","",Rasmussen Reports/Pulse Opinion Research,277,Rasmussen Reports/Pulse Opinion Research,B,,,10/4/10,10/10/10,,"",,32672,,,,,,9/18/12 17:50,"",,538-old,false,,8657,U.S. House,,,false,13740,DEM,39.0,13741,REP,47.0,,,,,,,,,,,,,,,,,,,,,,,,,,,,,,,,,,,,,,,,,,,,,,,,,,,,,,,,,,,,,,,,,,,,,
1116,187,Greenberg Quinlan Rosner,471,Democracy Corps,GQR,126,GQR Research (GQRR),B,Live Phone,,10/2/10,10/4/10,,"",,32675,,,,,,9/18/12 17:50,"",http://www.democracycorps.com/wp-content/files/dcor100410fq10.pdf,538-old,false,DEM,8657,U.S. House,,,false,13740,DEM,43.0,13741,REP,49.0,,,,,,,,,,,,,,,,,,,,,,,,,,,,,,,,,,,,,,,,,,,,,,,,,,,,,,,,,,,,,,,,,,,,,
27396,79,CBS News,134,New York Times,CBS News,36,CBS News/The New York Times,A-,Live Phone,,10/1/10,10/5/10,,"",,32674,,"",,"",,9/18/12 17:50,"",,538-old,false,,8657,U.S. House,,,false,13740,DEM,37.0,13741,REP,45.0,,,,,,,,,,,,,,,,,,,,,,,,,,,,,,,,,,,,,,,,,,,,,,,,,,,,,,,,,,,,,,,,,,,,,
1121,1704,ABC/Washington Post,"","",ABC News/The Washington Post,3,ABC News/The Washington Post,A+,,,9/30/10,10/3/10,,"",,32676,,,,,,9/18/12 17:50,"",,538-old,false,,8657,U.S. House,,,false,13740,DEM,43.0,13741,REP,49.0,,,,,,,,,,,,,,,,,,,,,,,,,,,,,,,,,,,,,,,,,,,,,,,,,,,,,,,,,,,,,,,,,,,,,
1124,390,PSRAI,380,Newsweek,PSRAI,258,Princeton Survey Research Associates International,A/B,,,9/29/10,9/30/10,,"",,32678,,,,,,9/18/12 17:50,"",,538-old,false,,8657,U.S. House,,,false,13740,DEM,48.0,13741,REP,43.0,,,,,,,,,,,,,,,,,,,,,,,,,,,,,,,,,,,,,,,,,,,,,,,,,,,,,,,,,,,,,,,,,,,,,
43143,1267,WG/New Models,1313,New Models,The Winston Group,385,The Winston Group,A/B,Live Phone,,9/29/10,9/30/10,,"",,124270,1000,rv,,rv,,5/29/20 16:34,"",https://www.winningtheissues.org/wp-content/uploads/2016/06/September-III-Website-aggs.pdf,538,false,REP,8657,U.S. House,,,false,13740,DEM,48.0,13741,REP,47.0,,Undecided,3.0,,DK/Refused,2.0,,,,,,,,,,,,,,,,,,,,,,,,,,,,,,,,,,,,,,,,,,,,,,,,,,,,,,,,,,,,,,,
1126,357,Opinion Dynamics,149,FOX News,Fox News/Opinion Dynamics Corp.,104,Fox News/Opinion Dynamics Corp.,A/B,,,9/28/10,9/29/10,,"",,32679,,,,,,9/18/12 17:50,"",,538-old,false,,8657,U.S. House,,,false,13740,DEM,38.0,13741,REP,44.0,,,,,,,,,,,,,,,,,,,,,,,,,,,,,,,,,,,,,,,,,,,,,,,,,,,,,,,,,,,,,,,,,,,,,
27399,399,Rasmussen (Pulse Opinion Research),"","",Rasmussen Reports/Pulse Opinion Research,277,Rasmussen Reports/Pulse Opinion Research,B,,,9/27/10,10/3/10,,"",,32677,,,,,,9/18/12 17:50,"",,538-old,false,,8657,U.S. House,,,false,13740,DEM,42.0,13741,REP,45.0,,,,,,,,,,,,,,,,,,,,,,,,,,,,,,,,,,,,,,,,,,,,,,,,,,,,,,,,,,,,,,,,,,,,,
1136,100,Opinion Research Corporation,143,CNN,Opinion Research Corporation,37,Big Village/Opinion Research Corporation,B,,,9/21/10,9/23/10,,"",,32682,,,,,,9/18/12 17:50,"",,538-old,false,,8657,U.S. House,,,false,13740,DEM,44.0,13741,REP,53.0,,,,,,,,,,,,,,,,,,,,,,,,,,,,,,,,,,,,,,,,,,,,,,,,,,,,,,,,,,,,,,,,,,,,,
27403,399,Rasmussen (Pulse Opinion Research),"","",Rasmussen Reports/Pulse Opinion Research,277,Rasmussen Reports/Pulse Opinion Research,B,,,9/20/10,9/26/10,,"",,32681,,,,,,9/18/12 17:50,"",,538-old,false,,8657,U.S. House,,,false,13740,DEM,40.0,13741,REP,46.0,,,,,,,,,,,,,,,,,,,,,,,,,,,,,,,,,,,,,,,,,,,,,,,,,,,,,,,,,,,,,,,,,,,,,
27402,169,Gallup,135,USA Today,Gallup,112,Gallup,B+,,,9/20/10,9/26/10,,"",,32680,,"",,"",,9/18/12 17:50,"",,538-old,false,,8657,U.S. House,,,false,13740,DEM,46.0,13741,REP,46.0,,,,,,,,,,,,,,,,,,,,,,,,,,,,,,,,,,,,,,,,,,,,,,,,,,,,,,,,,,,,,,,,,,,,,
1139,261,Lake Research Partners/The Tarrance Group,"508,538",George Washington University | Politico,Lake Research Partners/The Tarrance Group,114,Georgetown University (Battleground),A/B,,,9/19/10,9/22/10,,"",,32683,,,,,,9/18/12 17:50,"",http://www.tarrance.com/wp-content/uploads/2010/09/BG-41-questionnaire.pdf,538-old,false,,8657,U.S. House,,,false,13740,DEM,42.0,13741,REP,47.0,,,,,,,,,,,,,,,,,,,,,,,,,,,,,,,,,,,,,,,,,,,,,,,,,,,,,,,,,,,,,,,,,,,,,
1147,241,Ipsos,71,Reuters,Ipsos,154,Ipsos,B-,,,9/16/10,9/19/10,,"",,32684,,,,,,9/18/12 17:50,"",,538-old,false,,8657,U.S. House,,,false,13740,DEM,46.0,13741,REP,45.0,,,,,,,,,,,,,,,,,,,,,,,,,,,,,,,,,,,,,,,,,,,,,,,,,,,,,,,,,,,,,,,,,,,,,
35150,1205,Marist,360,McClatchy Newspapers,Marist College,183,Marist College,A,Live Phone,,9/14/10,9/16/10,,"",,32688,,,,,,9/18/12 17:50,"","http://maristpoll.marist.edu/wp-content/misc/usapolls/US100914/Obama%20Approval%20Rating/Complete%20September%2022,%202010%20USA%20Poll%20Release%20and%20Tables.pdf",538-old,false,,8657,U.S. House,,,false,13740,DEM,45.0,13741,REP,47.0,,,,,,,,,,,,,,,,,,,,,,,,,,,,,,,,,,,,,,,,,,,,,,,,,,,,,,,,,,,,,,,,,,,,,
27411,379,POS,"","",Public Opinion Strategies,260,Public Opinion Strategies,A-,,,9/14/10,9/16/10,,"",,32689,,,,,,9/18/12 17:50,"",,538-old,false,,8657,U.S. House,,,false,13740,DEM,39.0,13741,REP,44.0,,,,,,,,,,,,,,,,,,,,,,,,,,,,,,,,,,,,,,,,,,,,,,,,,,,,,,,,,,,,,,,,,,,,,
1150,357,Opinion Dynamics,149,FOX News,Fox News/Opinion Dynamics Corp.,104,Fox News/Opinion Dynamics Corp.,A/B,,,9/14/10,9/16/10,,"",,32687,,,,,,9/18/12 17:50,"",,538-old,false,,8657,U.S. House,,,false,13740,DEM,40.0,13741,REP,46.0,,,,,,,,,,,,,,,,,,,,,,,,,,,,,,,,,,,,,,,,,,,,,,,,,,,,,,,,,,,,,,,,,,,,,
27408,399,Rasmussen (Pulse Opinion Research),"","",Rasmussen Reports/Pulse Opinion Research,277,Rasmussen Reports/Pulse Opinion Research,B,,,9/13/10,9/19/10,,"",,32686,,,,,,9/18/12 17:50,"",,538-old,false,,8657,U.S. House,,,false,13740,DEM,38.0,13741,REP,48.0,,,,,,,,,,,,,,,,,,,,,,,,,,,,,,,,,,,,,,,,,,,,,,,,,,,,,,,,,,,,,,,,,,,,,
27407,169,Gallup,135,USA Today,Gallup,112,Gallup,B+,,,9/13/10,9/19/10,,"",,32685,,"",,"",,9/18/12 17:50,"",,538-old,false,,8657,U.S. House,,,false,13740,DEM,46.0,13741,REP,45.0,,,,,,,,,,,,,,,,,,,,,,,,,,,,,,,,,,,,,,,,,,,,,,,,,,,,,,,,,,,,,,,,,,,,,
43141,1267,WG/New Models,1313,New Models,The Winston Group,385,The Winston Group,A/B,Live Phone,,9/11/10,9/12/10,,"",,124269,1000,rv,,rv,,5/29/20 16:33,"",https://www.winningtheissues.org/wp-content/uploads/2016/06/Sept-II-WEBSITE-AGGS.pdf,538,false,REP,8657,U.S. House,,,false,13740,DEM,49.0,13741,REP,46.0,,Undecided,3.0,,DK/Refused,2.0,,,,,,,,,,,,,,,,,,,,,,,,,,,,,,,,,,,,,,,,,,,,,,,,,,,,,,,,,,,,,,,
27412,187,Greenberg Quinlan Rosner,471,Democracy Corps,GQR,126,GQR Research (GQRR),B,,,9/11/10,9/14/10,,"",,32690,,,,,,9/18/12 17:50,"",,538-old,false,DEM,8657,U.S. House,,,false,13740,DEM,40.0,13741,REP,50.0,,,,,,,,,,,,,,,,,,,,,,,,,,,,,,,,,,,,,,,,,,,,,,,,,,,,,,,,,,,,,,,,,,,,,
1157,80,The New York Times/CBS News,"","",CBS News/The New York Times,36,CBS News/The New York Times,A-,,,9/10/10,9/14/10,,"",,32691,,lv,,lv,,9/18/12 17:50,"",,538-old,false,,8657,U.S. House,,,false,13740,DEM,38.0,13741,REP,40.0,,,,,,,,,,,,,,,,,,,,,,,,,,,,,,,,,,,,,,,,,,,,,,,,,,,,,,,,,,,,,,,,,,,,,
1160,383,PPP,"","",Public Policy Polling,263,Public Policy Polling,A-,,,9/10/10,9/13/10,,"",,32692,,,,,,9/18/12 17:50,"",,538-old,false,,8657,U.S. House,,,false,13740,DEM,45.0,13741,REP,44.0,,,,,,,,,,,,,,,,,,,,,,,,,,,,,,,,,,,,,,,,,,,,,,,,,,,,,,,,,,,,,,,,,,,,,
27415,28,Associated Press,"","",Associated Press/GfK,154,Ipsos,B-,,,9/8/10,9/13/10,,"",,32693,,,,,,9/18/12 17:50,"",,538-old,false,,8657,U.S. House,,,false,13740,DEM,43.0,13741,REP,53.0,,,,,,,,,,,,,,,,,,,,,,,,,,,,,,,,,,,,,,,,,,,,,,,,,,,,,,,,,,,,,,,,,,,,,
1164,261,Lake Research Partners/The Tarrance Group,"508,538",George Washington University | Politico,Lake Research Partners/The Tarrance Group,114,Georgetown University (Battleground),A/B,Live Phone,,9/7/10,9/9/10,,"",,32696,,,,,,9/18/12 17:50,"",http://www.tarrance.com/wp-content/uploads/2010/09/BG-40-Questionnaire.pdf,538-old,false,,8657,U.S. House,,,false,13740,DEM,43.0,13741,REP,43.0,,,,,,,,,,,,,,,,,,,,,,,,,,,,,,,,,,,,,,,,,,,,,,,,,,,,,,,,,,,,,,,,,,,,,
27417,399,Rasmussen (Pulse Opinion Research),"","",Rasmussen Reports/Pulse Opinion Research,277,Rasmussen Reports/Pulse Opinion Research,B,,,9/6/10,9/12/10,,"",,32695,,,,,,9/18/12 17:50,"",,538-old,false,,8657,U.S. House,,,false,13740,DEM,38.0,13741,REP,47.0,,,,,,,,,,,,,,,,,,,,,,,,,,,,,,,,,,,,,,,,,,,,,,,,,,,,,,,,,,,,,,,,,,,,,
27416,169,Gallup,135,USA Today,Gallup,112,Gallup,B+,,,9/6/10,9/12/10,,"",,32694,,"",,"",,9/18/12 17:50,"",,538-old,false,,8657,U.S. House,,,false,13740,DEM,43.0,13741,REP,48.0,,,,,,,,,,,,,,,,,,,,,,,,,,,,,,,,,,,,,,,,,,,,,,,,,,,,,,,,,,,,,,,,,,,,,
43138,1267,WG/New Models,1313,New Models,The Winston Group,385,The Winston Group,A/B,Live Phone,,9/3/10,9/5/10,,"",,124268,1000,rv,,rv,,5/29/20 16:33,"",https://www.winningtheissues.org/wp-content/uploads/2016/06/Sept-I-WEBSITE-AGGS.pdf,538,false,REP,8657,U.S. House,,,false,13740,DEM,48.0,13741,REP,43.0,,Undecided,6.0,,DK/Refused,2.0,,,,,,,,,,,,,,,,,,,,,,,,,,,,,,,,,,,,,,,,,,,,,,,,,,,,,,,,,,,,,,,
1171,357,Opinion Dynamics,149,FOX News,Fox News/Opinion Dynamics Corp.,104,Fox News/Opinion Dynamics Corp.,A/B,Live Phone,,9/1/10,9/2/10,,"",,32702,,,,,,9/18/12 17:50,"",http://www.foxnews.com/projects/pdf/090310_Obama_job_web.pdf,538-old,false,,8657,U.S. House,,,false,13740,DEM,37.0,13741,REP,46.0,,,,,,,,,,,,,,,,,,,,,,,,,,,,,,,,,,,,,,,,,,,,,,,,,,,,,,,,,,,,,,,,,,,,,
1170,100,Opinion Research Corporation,143,CNN,Opinion Research Corporation,37,Big Village/Opinion Research Corporation,B,,,9/1/10,9/2/10,,"",,32701,,,,,,9/18/12 17:50,"",,538-old,false,,8657,U.S. House,,,false,13740,DEM,45.0,13741,REP,52.0,,,,,,,,,,,,,,,,,,,,,,,,,,,,,,,,,,,,,,,,,,,,,,,,,,,,,,,,,,,,,,,,,,,,,
27419,396,Quinnipiac,"","",Quinnipiac University,267,Quinnipiac University,A-,Live Phone,,8/31/10,9/7/10,,"",,32697,,,,,,9/18/12 17:50,"",,538-old,false,,8657,U.S. House,,,false,13740,DEM,37.0,13741,REP,42.0,,,,,,,,,,,,,,,,,,,,,,,,,,,,,,,,,,,,,,,,,,,,,,,,,,,,,,,,,,,,,,,,,,,,,
1175,1704,ABC/Washington Post,"","",ABC News/The Washington Post,3,ABC News/The Washington Post,A+,,,8/30/10,9/2/10,,"",,120385,,rv,,rv,,3/24/20 10:54,"",http://abcnews.go.com/images/Politics/1112a1_2010_Midterms.pdf,538,false,,8657,U.S. House,,,false,13740,DEM,45.0,13741,REP,47.0,,Other,1.0,,Neither,2.0,,Will not vote,1.0,,No opinion,5.0,,,,,,,,,,,,,,,,,,,,,,,,,,,,,,,,,,,,,,,,,,,,,,,,,,,,,,,,,
27422,399,Rasmussen (Pulse Opinion Research),"","",Rasmussen Reports/Pulse Opinion Research,277,Rasmussen Reports/Pulse Opinion Research,B,,,8/30/10,9/5/10,,"",,32700,,,,,,9/18/12 17:50,"",,538-old,false,,8657,U.S. House,,,false,13740,DEM,36.0,13741,REP,48.0,,,,,,,,,,,,,,,,,,,,,,,,,,,,,,,,,,,,,,,,,,,,,,,,,,,,,,,,,,,,,,,,,,,,,
1176,187,Greenberg Quinlan Rosner,471,Democracy Corps,GQR,126,GQR Research (GQRR),B,Live Phone,,8/30/10,9/2/10,,"",,32704,,,,,,9/18/12 17:50,"",http://www.democracycorps.com/wp-content/files/dcor090210fq8.pdf,538-old,false,DEM,8657,U.S. House,,,false,13740,DEM,42.0,13741,REP,49.0,,,,,,,,,,,,,,,,,,,,,,,,,,,,,,,,,,,,,,,,,,,,,,,,,,,,,,,,,,,,,,,,,,,,,
1175,1704,ABC/Washington Post,"","",ABC News/The Washington Post,3,ABC News/The Washington Post,A+,,,8/30/10,9/2/10,,"",,120386,,lv,,lv,,3/24/20 10:54,"",http://abcnews.go.com/images/Politics/1112a1_2010_Midterms.pdf,538,false,,8657,U.S. House,,,false,13740,DEM,40.0,13741,REP,53.0,,Other,1.0,,Neither,1.0,,Will not vote,0.0,,No opinion,5.0,,,,,,,,,,,,,,,,,,,,,,,,,,,,,,,,,,,,,,,,,,,,,,,,,,,,,,,,,
27421,169,Gallup,135,USA Today,Gallup,112,Gallup,B+,,,8/30/10,9/5/10,,"",,32699,,"",,"",,9/18/12 17:50,"",,538-old,false,,8657,U.S. House,,,false,13740,DEM,46.0,13741,REP,46.0,,,,,,,,,,,,,,,,,,,,,,,,,,,,,,,,,,,,,,,,,,,,,,,,,,,,,,,,,,,,,,,,,,,,,
1180,333,National Journal,"402,527",National Journal | Allstate,National Journal,224,National Journal,A/B,,,8/27/10,8/30/10,,"",,32706,,,,,,9/18/12 17:50,"",,538-old,false,,8657,U.S. House,,,false,13740,DEM,38.0,13741,REP,36.0,,,,,,,,,,,,,,,,,,,,,,,,,,,,,,,,,,,,,,,,,,,,,,,,,,,,,,,,,,,,,,,,,,,,,
43137,600,USA Today/Gallup,135,USA Today,USA Today/Gallup,112,Gallup,B+,,,8/27/10,8/30/10,,"",,32705,,,,,,9/18/12 17:50,"",http://ropercenter.cornell.edu/polls/presidential-approval/,538-old,false,,8657,U.S. House,,,false,13740,DEM,43.0,13741,REP,49.0,,,,,,,,,,,,,,,,,,,,,,,,,,,,,,,,,,,,,,,,,,,,,,,,,,,,,,,,,,,,,,,,,,,,,
1185,390,PSRAI,380,Newsweek,PSRAI,258,Princeton Survey Research Associates International,A/B,,,8/25/10,8/26/10,,"",,32709,,,,,,9/18/12 17:50,"",,538-old,false,,8657,U.S. House,,,false,13740,DEM,45.0,13741,REP,45.0,,,,,,,,,,,,,,,,,,,,,,,,,,,,,,,,,,,,,,,,,,,,,,,,,,,,,,,,,,,,,,,,,,,,,
1186,370,Pew,"","",Pew Research Center,253,Pew Research Center,B/C,,,8/25/10,9/6/10,,"",,32698,,,,,,9/18/12 17:50,"",http://people-press.org/reports/questionnaires/658.pdf,538-old,false,,8657,U.S. House,,,false,13740,DEM,43.0,13741,REP,50.0,,,,,,,,,,,,,,,,,,,,,,,,,,,,,,,,,,,,,,,,,,,,,,,,,,,,,,,,,,,,,,,,,,,,,
27430,399,Rasmussen (Pulse Opinion Research),"","",Rasmussen Reports/Pulse Opinion Research,277,Rasmussen Reports/Pulse Opinion Research,B,,,8/23/10,8/29/10,,"",,32708,,,,,,9/18/12 17:50,"",,538-old,false,,8657,U.S. House,,,false,13740,DEM,39.0,13741,REP,45.0,,,,,,,,,,,,,,,,,,,,,,,,,,,,,,,,,,,,,,,,,,,,,,,,,,,,,,,,,,,,,,,,,,,,,
27429,169,Gallup,135,USA Today,Gallup,112,Gallup,B+,,,8/23/10,8/29/10,,"",,32707,,"",,"",,9/18/12 17:50,"",,538-old,false,,8657,U.S. House,,,false,13740,DEM,41.0,13741,REP,51.0,,,,,,,,,,,,,,,,,,,,,,,,,,,,,,,,,,,,,,,,,,,,,,,,,,,,,,,,,,,,,,,,,,,,,
1193,241,Ipsos,71,Reuters,Ipsos,154,Ipsos,B-,,,8/19/10,8/22/10,,"",,32710,,,,,,9/18/12 17:50,"",,538-old,false,,8657,U.S. House,,,false,13740,DEM,45.0,13741,REP,46.0,,,,,,,,,,,,,,,,,,,,,,,,,,,,,,,,,,,,,,,,,,,,,,,,,,,,,,,,,,,,,,,,,,,,,
27434,399,Rasmussen (Pulse Opinion Research),"","",Rasmussen Reports/Pulse Opinion Research,277,Rasmussen Reports/Pulse Opinion Research,B,,,8/16/10,8/22/10,,"",,32712,,,,,,9/18/12 17:50,"",,538-old,false,,8657,U.S. House,,,false,13740,DEM,38.0,13741,REP,47.0,,,,,,,,,,,,,,,,,,,,,,,,,,,,,,,,,,,,,,,,,,,,,,,,,,,,,,,,,,,,,,,,,,,,,
27433,169,Gallup,135,USA Today,Gallup,112,Gallup,B+,,,8/16/10,8/22/10,,"",,32711,,"",,"",,9/18/12 17:50,"",,538-old,false,,8657,U.S. House,,,false,13740,DEM,44.0,13741,REP,47.0,,,,,,,,,,,,,,,,,,,,,,,,,,,,,,,,,,,,,,,,,,,,,,,,,,,,,,,,,,,,,,,,,,,,,
27435,490,Time,382,Time,Abt Associates,7,Abt Associates,A/B,,,8/16/10,8/17/10,,"",,32713,,,,,,9/18/12 17:50,"",,538-old,false,,8657,U.S. House,,,false,13740,DEM,37.0,13741,REP,43.0,,,,,,,,,,,,,,,,,,,,,,,,,,,,,,,,,,,,,,,,,,,,,,,,,,,,,,,,,,,,,,,,,,,,,
27436,28,Associated Press,"","",Associated Press/GfK,154,Ipsos,B-,,,8/11/10,8/16/10,,"",,32714,,,,,,9/18/12 17:50,"",,538-old,false,,8657,U.S. House,,,false,13740,DEM,45.0,13741,REP,49.0,,,,,,,,,,,,,,,,,,,,,,,,,,,,,,,,,,,,,,,,,,,,,,,,,,,,,,,,,,,,,,,,,,,,,
43136,1267,WG/New Models,1313,New Models,The Winston Group,385,The Winston Group,A/B,Live Phone,,8/11/10,8/12/10,,"",,124267,1000,rv,,rv,,5/29/20 16:33,"",https://www.winningtheissues.org/wp-content/uploads/2016/06/Aug-WEBSITE-AGGS.pdf,538,false,REP,8657,U.S. House,,,false,13740,DEM,46.0,13741,REP,44.0,,Undecided,5.0,,DK/Refused,5.0,,,,,,,,,,,,,,,,,,,,,,,,,,,,,,,,,,,,,,,,,,,,,,,,,,,,,,,,,,,,,,,
1206,357,Opinion Dynamics,149,FOX News,Fox News/Opinion Dynamics Corp.,104,Fox News/Opinion Dynamics Corp.,A/B,,,8/10/10,8/11/10,,"",,32717,,,,,,9/18/12 17:50,"",,538-old,false,,8657,U.S. House,,,false,13740,DEM,37.0,13741,REP,44.0,,,,,,,,,,,,,,,,,,,,,,,,,,,,,,,,,,,,,,,,,,,,,,,,,,,,,,,,,,,,,,,,,,,,,
27438,399,Rasmussen (Pulse Opinion Research),"","",Rasmussen Reports/Pulse Opinion Research,277,Rasmussen Reports/Pulse Opinion Research,B,,,8/9/10,8/15/10,,"",,32716,,,,,,9/18/12 17:50,"",,538-old,false,,8657,U.S. House,,,false,13740,DEM,36.0,13741,REP,48.0,,,,,,,,,,,,,,,,,,,,,,,,,,,,,,,,,,,,,,,,,,,,,,,,,,,,,,,,,,,,,,,,,,,,,
27437,169,Gallup,135,USA Today,Gallup,112,Gallup,B+,,,8/9/10,8/15/10,,"",,32715,,"",,"",,9/18/12 17:50,"",,538-old,false,,8657,U.S. House,,,false,13740,DEM,43.0,13741,REP,50.0,,,,,,,,,,,,,,,,,,,,,,,,,,,,,,,,,,,,,,,,,,,,,,,,,,,,,,,,,,,,,,,,,,,,,
1216,383,PPP,"","",Public Policy Polling,263,Public Policy Polling,A-,,,8/6/10,8/9/10,,"",,32719,,,,,,9/18/12 17:50,"",,538-old,false,,8657,U.S. House,,,false,13740,DEM,42.0,13741,REP,45.0,,,,,,,,,,,,,,,,,,,,,,,,,,,,,,,,,,,,,,,,,,,,,,,,,,,,,,,,,,,,,,,,,,,,,
1213,100,Opinion Research Corporation,143,CNN,Opinion Research Corporation,37,Big Village/Opinion Research Corporation,B,,,8/6/10,8/10/10,,"",,32718,,,,,,9/18/12 17:50,"",,538-old,false,,8657,U.S. House,,,false,13740,DEM,45.0,13741,REP,48.0,,,,,,,,,,,,,,,,,,,,,,,,,,,,,,,,,,,,,,,,,,,,,,,,,,,,,,,,,,,,,,,,,,,,,
27442,169,Gallup,135,USA Today,Gallup,112,Gallup,B+,,,8/2/10,8/8/10,,"",,32720,,"",,"",,9/18/12 17:50,"",,538-old,false,,8657,U.S. House,,,false,13740,DEM,43.0,13741,REP,49.0,,,,,,,,,,,,,,,,,,,,,,,,,,,,,,,,,,,,,,,,,,,,,,,,,,,,,,,,,,,,,,,,,,,,,
27443,399,Rasmussen (Pulse Opinion Research),"","",Rasmussen Reports/Pulse Opinion Research,277,Rasmussen Reports/Pulse Opinion Research,B,,,8/2/10,8/8/10,,"",,32721,,,,,,9/18/12 17:50,"",,538-old,false,,8657,U.S. House,,,false,13740,DEM,39.0,13741,REP,46.0,,,,,,,,,,,,,,,,,,,,,,,,,,,,,,,,,,,,,,,,,,,,,,,,,,,,,,,,,,,,,,,,,,,,,
1225,357,Opinion Dynamics,149,FOX News,Fox News/Opinion Dynamics Corp.,104,Fox News/Opinion Dynamics Corp.,A/B,,,7/27/10,7/28/10,,"",,32725,,,,,,9/18/12 17:50,"",,538-old,false,,8657,U.S. House,,,false,13740,DEM,36.0,13741,REP,47.0,,,,,,,,,,,,,,,,,,,,,,,,,,,,,,,,,,,,,,,,,,,,,,,,,,,,,,,,,,,,,,,,,,,,,
27446,399,Rasmussen (Pulse Opinion Research),"","",Rasmussen Reports/Pulse Opinion Research,277,Rasmussen Reports/Pulse Opinion Research,B,,,7/26/10,8/1/10,,"",,32724,,,,,,9/18/12 17:50,"",,538-old,false,,8657,U.S. House,,,false,13740,DEM,38.0,13741,REP,46.0,,,,,,,,,,,,,,,,,,,,,,,,,,,,,,,,,,,,,,,,,,,,,,,,,,,,,,,,,,,,,,,,,,,,,
27445,169,Gallup,135,USA Today,Gallup,112,Gallup,B+,,,7/26/10,8/1/10,,"",,32723,,"",,"",,9/18/12 17:50,"",,538-old,false,,8657,U.S. House,,,false,13740,DEM,43.0,13741,REP,48.0,,,,,,,,,,,,,,,,,,,,,,,,,,,,,,,,,,,,,,,,,,,,,,,,,,,,,,,,,,,,,,,,,,,,,
1236,241,Ipsos,71,Reuters,Ipsos,154,Ipsos,B-,,,7/22/10,7/25/10,,"",,32726,,,,,,9/18/12 17:50,"",,538-old,false,,8657,U.S. House,,,false,13740,DEM,44.0,13741,REP,46.0,,,,,,,,,,,,,,,,,,,,,,,,,,,,,,,,,,,,,,,,,,,,,,,,,,,,,,,,,,,,,,,,,,,,,
1238,370,Pew,"","",Pew Research Center,253,Pew Research Center,B/C,,,7/21/10,8/5/10,,"",,32722,,,,,,9/18/12 17:50,"",,538-old,false,,8657,U.S. House,,,false,13740,DEM,45.0,13741,REP,44.0,,,,,,,,,,,,,,,,,,,,,,,,,,,,,,,,,,,,,,,,,,,,,,,,,,,,,,,,,,,,,,,,,,,,,
27450,399,Rasmussen (Pulse Opinion Research),"","",Rasmussen Reports/Pulse Opinion Research,277,Rasmussen Reports/Pulse Opinion Research,B,,,7/19/10,7/25/10,,"",,32728,,,,,,9/18/12 17:50,"",,538-old,false,,8657,U.S. House,,,false,13740,DEM,36.0,13741,REP,46.0,,,,,,,,,,,,,,,,,,,,,,,,,,,,,,,,,,,,,,,,,,,,,,,,,,,,,,,,,,,,,,,,,,,,,
27449,169,Gallup,135,USA Today,Gallup,112,Gallup,B+,,,7/19/10,7/25/10,,"",,32727,,"",,"",,9/18/12 17:50,"",,538-old,false,,8657,U.S. House,,,false,13740,DEM,48.0,13741,REP,44.0,,,,,,,,,,,,,,,,,,,,,,,,,,,,,,,,,,,,,,,,,,,,,,,,,,,,,,,,,,,,,,,,,,,,,
43133,1267,WG/New Models,1313,New Models,The Winston Group,385,The Winston Group,A/B,Live Phone,,7/17/10,7/18/10,,"",,124266,1000,rv,,rv,,5/29/20 16:33,"",https://www.winningtheissues.org/wp-content/uploads/2016/06/July-II-WEBSITE-AGGS.pdf,538,false,REP,8657,U.S. House,,,false,13740,DEM,46.0,13741,REP,47.0,,Undecided,5.0,,DK/Refused,2.0,,,,,,,,,,,,,,,,,,,,,,,,,,,,,,,,,,,,,,,,,,,,,,,,,,,,,,,,,,,,,,,
1245,100,Opinion Research Corporation,143,CNN,Opinion Research Corporation,37,Big Village/Opinion Research Corporation,B,,,7/16/10,7/21/10,,"",,32729,,,,,,9/18/12 17:50,"",,538-old,false,,8657,U.S. House,,,false,13740,DEM,44.0,13741,REP,49.0,,,,,,,,,,,,,,,,,,,,,,,,,,,,,,,,,,,,,,,,,,,,,,,,,,,,,,,,,,,,,,,,,,,,,
1255,396,Quinnipiac,"","",Quinnipiac University,267,Quinnipiac University,A-,Live Phone,,7/13/10,7/19/10,,"",,32730,,,,,,9/18/12 17:50,"",http://www.quinnipiac.edu/x1295.xml?ReleaseID=1478,538-old,false,,8657,U.S. House,,,false,13740,DEM,38.0,13741,REP,43.0,,,,,,,,,,,,,,,,,,,,,,,,,,,,,,,,,,,,,,,,,,,,,,,,,,,,,,,,,,,,,,,,,,,,,
1253,357,Opinion Dynamics,149,FOX News,Fox News/Opinion Dynamics Corp.,104,Fox News/Opinion Dynamics Corp.,A/B,,,7/13/10,7/14/10,,"",,32733,,,,,,9/18/12 17:50,"",,538-old,false,,8657,U.S. House,,,false,13740,DEM,37.0,13741,REP,41.0,,,,,,,,,,,,,,,,,,,,,,,,,,,,,,,,,,,,,,,,,,,,,,,,,,,,,,,,,,,,,,,,,,,,,
1256,490,Time,382,Time,Abt Associates,7,Abt Associates,A/B,,,7/12/10,7/13/10,,"",,32734,770,lv,,lv,,9/18/12 17:50,"",,538-old,false,,8657,U.S. House,,,false,13740,DEM,43.0,13741,REP,42.0,,,,,,,,,,,,,,,,,,,,,,,,,,,,,,,,,,,,,,,,,,,,,,,,,,,,,,,,,,,,,,,,,,,,,
27453,169,Gallup,135,USA Today,Gallup,112,Gallup,B+,,,7/12/10,7/18/10,,"",,32731,,"",,"",,9/18/12 17:50,"",,538-old,false,,8657,U.S. House,,,false,13740,DEM,49.0,13741,REP,43.0,,,,,,,,,,,,,,,,,,,,,,,,,,,,,,,,,,,,,,,,,,,,,,,,,,,,,,,,,,,,,,,,,,,,,
27454,399,Rasmussen (Pulse Opinion Research),"","",Rasmussen Reports/Pulse Opinion Research,277,Rasmussen Reports/Pulse Opinion Research,B,,,7/12/10,7/18/10,,"",,32732,,,,,,9/18/12 17:50,"",,538-old,false,,8657,U.S. House,,,false,13740,DEM,36.0,13741,REP,45.0,,,,,,,,,,,,,,,,,,,,,,,,,,,,,,,,,,,,,,,,,,,,,,,,,,,,,,,,,,,,,,,,,,,,,
35153,437,Selzer,96,Bloomberg,Selzer & Co.,304,Selzer & Co.,A+,Live Phone,,7/9/10,7/12/10,,"",,32735,,,,,,9/18/12 17:50,"",http://media.bloomberg.com/bb/avfile/rWsk89LgYLDA,538-old,false,,8657,U.S. House,,,false,13740,DEM,40.0,13741,REP,48.0,,,,,,,,,,,,,,,,,,,,,,,,,,,,,,,,,,,,,,,,,,,,,,,,,,,,,,,,,,,,,,,,,,,,,
1264,383,PPP,"","",Public Policy Polling,263,Public Policy Polling,A-,,,7/9/10,7/12/10,,"",,32736,,,,,,9/18/12 17:50,"",,538-old,false,,8657,U.S. House,,,false,13740,DEM,43.0,13741,REP,43.0,,,,,,,,,,,,,,,,,,,,,,,,,,,,,,,,,,,,,,,,,,,,,,,,,,,,,,,,,,,,,,,,,,,,,
1266,1704,ABC/Washington Post,"","",ABC News/The Washington Post,3,ABC News/The Washington Post,A+,,,7/7/10,7/11/10,,"",,32737,,,,,,9/18/12 17:50,"",,538-old,false,,8657,U.S. House,,,false,13740,DEM,45.0,13741,REP,49.0,,,,,,,,,,,,,,,,,,,,,,,,,,,,,,,,,,,,,,,,,,,,,,,,,,,,,,,,,,,,,,,,,,,,,
1266,1704,ABC/Washington Post,"","",ABC News/The Washington Post,3,ABC News/The Washington Post,A+,,,7/7/10,7/11/10,,"",,120387,,rv,,rv,,3/24/20 10:54,"",http://abcnews.go.com/images/Politics/1112a1_2010_Midterms.pdf,538,false,,8657,U.S. House,,,false,13740,DEM,46.0,13741,REP,47.0,,Other,0.0,,Neither,2.0,,Will not vote,0.0,,No opinion,5.0,,,,,,,,,,,,,,,,,,,,,,,,,,,,,,,,,,,,,,,,,,,,,,,,,,,,,,,,,
43130,1267,WG/New Models,1313,New Models,The Winston Group,385,The Winston Group,A/B,Live Phone,,7/6/10,7/8/10,,"",,124265,1000,rv,,rv,,5/29/20 16:33,"",https://www.winningtheissues.org/wp-content/uploads/2016/06/July-I-Website.pdf,538,false,REP,8657,U.S. House,,,false,13740,DEM,48.0,13741,REP,46.0,,Undecided,3.0,,DK/Refused,2.0,,,,,,,,,,,,,,,,,,,,,,,,,,,,,,,,,,,,,,,,,,,,,,,,,,,,,,,,,,,,,,,
27460,169,Gallup,135,USA Today,Gallup,112,Gallup,B+,,,7/5/10,7/11/10,,"",,32738,,"",,"",,9/18/12 17:50,"",,538-old,false,,8657,U.S. House,,,false,13740,DEM,47.0,13741,REP,46.0,,,,,,,,,,,,,,,,,,,,,,,,,,,,,,,,,,,,,,,,,,,,,,,,,,,,,,,,,,,,,,,,,,,,,
27461,399,Rasmussen (Pulse Opinion Research),"","",Rasmussen Reports/Pulse Opinion Research,277,Rasmussen Reports/Pulse Opinion Research,B,,,7/5/10,7/11/10,,"",,32739,,,,,,9/18/12 17:50,"",,538-old,false,,8657,U.S. House,,,false,13740,DEM,38.0,13741,REP,44.0,,,,,,,,,,,,,,,,,,,,,,,,,,,,,,,,,,,,,,,,,,,,,,,,,,,,,,,,,,,,,,,,,,,,,
1273,357,Opinion Dynamics,149,FOX News,Fox News/Opinion Dynamics Corp.,104,Fox News/Opinion Dynamics Corp.,A/B,Live Phone,,6/29/10,6/30/10,,"",,32741,,,,,,9/18/12 17:50,"",http://www.foxnews.com/projects/pdf/ObamaAfghan.pdf,538-old,false,,8657,U.S. House,,,false,13740,DEM,40.0,13741,REP,42.0,,,,,,,,,,,,,,,,,,,,,,,,,,,,,,,,,,,,,,,,,,,,,,,,,,,,,,,,,,,,,,,,,,,,,
27462,169,Gallup,135,USA Today,Gallup,112,Gallup,B+,,,6/28/10,7/3/10,,"",,32740,,"",,"",,9/18/12 17:50,"",,538-old,false,,8657,U.S. House,,,false,13740,DEM,44.0,13741,REP,46.0,,,,,,,,,,,,,,,,,,,,,,,,,,,,,,,,,,,,,,,,,,,,,,,,,,,,,,,,,,,,,,,,,,,,,
78619,169,Gallup,"","",Gallup,112,Gallup,B+,Live Phone,,6/25/10,6/26/10,,"",,153945,,rv,,rv,,3/22/22 12:40,"",https://ropercenter.cornell.edu/ipoll/study/31089777/questions#2426e2cd-927a-4642-965f-f876c33b72aa,"",false,,8657,U.S. House,,,false,13740,DEM,44.0,13741,REP,47.0,,Undecided,7.0,,Other,1.0,,,,,,,,,,,,,,,,,,,,,,,,,,,,,,,,,,,,,,,,,,,,,,,,,,,,,,,,,,,,,,,
27465,399,Rasmussen (Pulse Opinion Research),"","",Rasmussen Reports/Pulse Opinion Research,277,Rasmussen Reports/Pulse Opinion Research,B,,,6/21/10,6/27/10,,"",,32743,,,,,,9/18/12 17:50,"",,538-old,false,,8657,U.S. House,,,false,13740,DEM,38.0,13741,REP,44.0,,,,,,,,,,,,,,,,,,,,,,,,,,,,,,,,,,,,,,,,,,,,,,,,,,,,,,,,,,,,,,,,,,,,,
27464,169,Gallup,135,USA Today,Gallup,112,Gallup,B+,,,6/21/10,6/27/10,,"",,32742,,"",,"",,9/18/12 17:50,"",,538-old,false,,8657,U.S. House,,,false,13740,DEM,46.0,13741,REP,45.0,,,,,,,,,,,,,,,,,,,,,,,,,,,,,,,,,,,,,,,,,,,,,,,,,,,,,,,,,,,,,,,,,,,,,
1285,187,Greenberg Quinlan Rosner,"471,543",Democracy Corps | Third Way,GQR,126,GQR Research (GQRR),B,Live Phone,,6/19/10,6/22/10,,"",,32744,,,,,,9/18/12 17:50,"",http://www.democracycorps.com/wp-content/files/dcor062210fq6.web_.pdf,538-old,false,DEM,8657,U.S. House,,,false,13740,DEM,42.0,13741,REP,48.0,,,,,,,,,,,,,,,,,,,,,,,,,,,,,,,,,,,,,,,,,,,,,,,,,,,,,,,,,,,,,,,,,,,,,
43127,1267,WG/New Models,1313,New Models,The Winston Group,385,The Winston Group,A/B,Live Phone,,6/16/10,6/17/10,,"",,124264,1000,rv,,rv,,5/29/20 16:33,"",https://www.winningtheissues.org/wp-content/uploads/2016/06/June-Website-AGGS.pdf,538,false,REP,8657,U.S. House,,,false,13740,DEM,46.0,13741,REP,46.0,,Undecided,5.0,,DK/Refused,3.0,,,,,,,,,,,,,,,,,,,,,,,,,,,,,,,,,,,,,,,,,,,,,,,,,,,,,,,,,,,,,,,
1294,370,Pew,"","",Pew Research Center,253,Pew Research Center,B/C,,,6/16/10,6/20/10,,"",,32745,,,,,,9/18/12 17:50,"",,538-old,false,,8657,U.S. House,,,false,13740,DEM,45.0,13741,REP,45.0,,,,,,,,,,,,,,,,,,,,,,,,,,,,,,,,,,,,,,,,,,,,,,,,,,,,,,,,,,,,,,,,,,,,,
27468,169,Gallup,135,USA Today,Gallup,112,Gallup,B+,,,6/14/10,6/20/10,,"",,32746,,"",,"",,9/18/12 17:50,"",,538-old,false,,8657,U.S. House,,,false,13740,DEM,46.0,13741,REP,46.0,,,,,,,,,,,,,,,,,,,,,,,,,,,,,,,,,,,,,,,,,,,,,,,,,,,,,,,,,,,,,,,,,,,,,
27469,399,Rasmussen (Pulse Opinion Research),"","",Rasmussen Reports/Pulse Opinion Research,277,Rasmussen Reports/Pulse Opinion Research,B,,,6/14/10,6/20/10,,"",,32747,,,,,,9/18/12 17:50,"",,538-old,false,,8657,U.S. House,,,false,13740,DEM,36.0,13741,REP,44.0,,,,,,,,,,,,,,,,,,,,,,,,,,,,,,,,,,,,,,,,,,,,,,,,,,,,,,,,,,,,,,,,,,,,,
27470,169,Gallup,"","",Gallup,112,Gallup,B+,,,6/11/10,6/13/10,,"",,32748,,,,,,9/18/12 17:50,"",,538-old,false,,8657,U.S. House,,,false,13740,DEM,48.0,13741,REP,43.0,,,,,,,,,,,,,,,,,,,,,,,,,,,,,,,,,,,,,,,,,,,,,,,,,,,,,,,,,,,,,,,,,,,,,
1301,241,Ipsos,"71,360",Reuters | McClatchy Newspapers,Ipsos,154,Ipsos,B-,,,6/10/10,6/13/10,,"",,32749,,,,,,9/18/12 17:50,"",,538-old,false,,8657,U.S. House,,,false,13740,DEM,42.0,13741,REP,43.0,,,,,,,,,,,,,,,,,,,,,,,,,,,,,,,,,,,,,,,,,,,,,,,,,,,,,,,,,,,,,,,,,,,,,
1304,357,Opinion Dynamics,149,FOX News,Fox News/Opinion Dynamics Corp.,104,Fox News/Opinion Dynamics Corp.,A/B,,,6/8/10,6/9/10,,"",,32752,,,,,,9/18/12 17:50,"",,538-old,false,,8657,U.S. House,,,false,13740,DEM,41.0,13741,REP,38.0,,,,,,,,,,,,,,,,,,,,,,,,,,,,,,,,,,,,,,,,,,,,,,,,,,,,,,,,,,,,,,,,,,,,,
27473,399,Rasmussen (Pulse Opinion Research),"","",Rasmussen Reports/Pulse Opinion Research,277,Rasmussen Reports/Pulse Opinion Research,B,,,6/7/10,6/13/10,,"",,32751,,,,,,9/18/12 17:50,"",,538-old,false,,8657,U.S. House,,,false,13740,DEM,36.0,13741,REP,46.0,,,,,,,,,,,,,,,,,,,,,,,,,,,,,,,,,,,,,,,,,,,,,,,,,,,,,,,,,,,,,,,,,,,,,
27472,169,Gallup,135,USA Today,Gallup,112,Gallup,B+,,,6/7/10,6/13/10,,"",,32750,,"",,"",,9/18/12 17:50,"",,538-old,false,,8657,U.S. House,,,false,13740,DEM,44.0,13741,REP,49.0,,,,,,,,,,,,,,,,,,,,,,,,,,,,,,,,,,,,,,,,,,,,,,,,,,,,,,,,,,,,,,,,,,,,,
1312,383,PPP,"","",Public Policy Polling,263,Public Policy Polling,A-,,,6/4/10,6/7/10,,"",,32753,,,,,,9/18/12 17:50,"",,538-old,false,,8657,U.S. House,,,false,13740,DEM,43.0,13741,REP,41.0,,,,,,,,,,,,,,,,,,,,,,,,,,,,,,,,,,,,,,,,,,,,,,,,,,,,,,,,,,,,,,,,,,,,,
1313,1704,ABC/Washington Post,"","",ABC News/The Washington Post,3,ABC News/The Washington Post,A+,,,6/3/10,6/6/10,,"",,120388,,rv,,rv,,3/24/20 10:54,"",http://abcnews.go.com/images/Politics/1112a1_2010_Midterms.pdf,538,false,,8657,U.S. House,,,false,13740,DEM,47.0,13741,REP,44.0,,Other,2.0,,Neither,2.0,,Will not vote,1.0,,No opinion,4.0,,,,,,,,,,,,,,,,,,,,,,,,,,,,,,,,,,,,,,,,,,,,,,,,,,,,,,,,,
27478,399,Rasmussen (Pulse Opinion Research),"","",Rasmussen Reports/Pulse Opinion Research,277,Rasmussen Reports/Pulse Opinion Research,B,,,5/31/10,6/6/10,,"",,32756,,,,,,9/18/12 17:50,"",,538-old,false,,8657,U.S. House,,,false,13740,DEM,35.0,13741,REP,44.0,,,,,,,,,,,,,,,,,,,,,,,,,,,,,,,,,,,,,,,,,,,,,,,,,,,,,,,,,,,,,,,,,,,,,
27477,169,Gallup,135,USA Today,Gallup,112,Gallup,B+,,,5/31/10,6/6/10,,"",,32755,,"",,"",,9/18/12 17:50,"",,538-old,false,,8657,U.S. House,,,false,13740,DEM,46.0,13741,REP,46.0,,,,,,,,,,,,,,,,,,,,,,,,,,,,,,,,,,,,,,,,,,,,,,,,,,,,,,,,,,,,,,,,,,,,,
43124,1267,WG/New Models,1313,New Models,The Winston Group,385,The Winston Group,A/B,Live Phone,,5/29/10,5/30/10,,"",,124263,1000,rv,,rv,,5/29/20 16:33,"",https://www.winningtheissues.org/wp-content/uploads/2016/06/May-II-2010-Website-Aggs.pdf,538,false,REP,8657,U.S. House,,,false,13740,DEM,48.0,13741,REP,43.0,,Undecided,6.0,,DK/Refused,3.0,,,,,,,,,,,,,,,,,,,,,,,,,,,,,,,,,,,,,,,,,,,,,,,,,,,,,,,,,,,,,,,
27479,169,Gallup,135,USA Today,Gallup,112,Gallup,B+,,,5/24/10,5/30/10,,"",,32757,,"",,"",,9/18/12 17:50,"",,538-old,false,,8657,U.S. House,,,false,13740,DEM,43.0,13741,REP,49.0,,,,,,,,,,,,,,,,,,,,,,,,,,,,,,,,,,,,,,,,,,,,,,,,,,,,,,,,,,,,,,,,,,,,,
27480,399,Rasmussen (Pulse Opinion Research),"","",Rasmussen Reports/Pulse Opinion Research,277,Rasmussen Reports/Pulse Opinion Research,B,,,5/24/10,5/30/10,,"",,32758,,,,,,9/18/12 17:50,"",,538-old,false,,8657,U.S. House,,,false,13740,DEM,37.0,13741,REP,44.0,,,,,,,,,,,,,,,,,,,,,,,,,,,,,,,,,,,,,,,,,,,,,,,,,,,,,,,,,,,,,,,,,,,,,
1332,396,Quinnipiac,"","",Quinnipiac University,267,Quinnipiac University,A-,,,5/19/10,5/24/10,,"",,32759,,,,,,9/18/12 17:50,"",,538-old,false,,8657,U.S. House,,,false,13740,DEM,42.0,13741,REP,36.0,,,,,,,,,,,,,,,,,,,,,,,,,,,,,,,,,,,,,,,,,,,,,,,,,,,,,,,,,,,,,,,,,,,,,
43122,1267,WG/New Models,1313,New Models,The Winston Group,385,The Winston Group,A/B,Live Phone,,5/19/10,5/20/10,,"",,124262,1000,rv,,rv,,5/29/20 16:33,"",https://www.winningtheissues.org/wp-content/uploads/2016/06/May-I-Website-Aggs.pdf,538,false,REP,8657,U.S. House,,,false,13740,DEM,48.0,13741,REP,45.0,,Undecided,4.0,,DK/Refused,3.0,,,,,,,,,,,,,,,,,,,,,,,,,,,,,,,,,,,,,,,,,,,,,,,,,,,,,,,,,,,,,,,
1333,357,Opinion Dynamics,149,FOX News,Fox News/Opinion Dynamics Corp.,104,Fox News/Opinion Dynamics Corp.,A/B,,,5/18/10,5/19/10,,"",,32762,,,,,,9/18/12 17:50,"",,538-old,false,,8657,U.S. House,,,false,13740,DEM,41.0,13741,REP,41.0,,,,,,,,,,,,,,,,,,,,,,,,,,,,,,,,,,,,,,,,,,,,,,,,,,,,,,,,,,,,,,,,,,,,,
27483,399,Rasmussen (Pulse Opinion Research),"","",Rasmussen Reports/Pulse Opinion Research,277,Rasmussen Reports/Pulse Opinion Research,B,,,5/17/10,5/23/10,,"",,32761,,,,,,9/18/12 17:50,"",,538-old,false,,8657,U.S. House,,,false,13740,DEM,36.0,13741,REP,44.0,,,,,,,,,,,,,,,,,,,,,,,,,,,,,,,,,,,,,,,,,,,,,,,,,,,,,,,,,,,,,,,,,,,,,
27482,169,Gallup,135,USA Today,Gallup,112,Gallup,B+,,,5/17/10,5/23/10,,"",,32760,,"",,"",,9/18/12 17:50,"",,538-old,false,,8657,U.S. House,,,false,13740,DEM,47.0,13741,REP,46.0,,,,,,,,,,,,,,,,,,,,,,,,,,,,,,,,,,,,,,,,,,,,,,,,,,,,,,,,,,,,,,,,,,,,,
1338,187,Greenberg Quinlan Rosner,471,Democracy Corps,GQR,126,GQR Research (GQRR),B,,,5/15/10,5/18/10,,"",,32763,,,,,,9/18/12 17:50,"",,538-old,false,DEM,8657,U.S. House,,,false,13740,DEM,43.0,13741,REP,46.0,,,,,,,,,,,,,,,,,,,,,,,,,,,,,,,,,,,,,,,,,,,,,,,,,,,,,,,,,,,,,,,,,,,,,
27487,399,Rasmussen (Pulse Opinion Research),"","",Rasmussen Reports/Pulse Opinion Research,277,Rasmussen Reports/Pulse Opinion Research,B,,,5/10/10,5/16/10,,"",,32765,,,,,,9/18/12 17:50,"",,538-old,false,,8657,U.S. House,,,false,13740,DEM,38.0,13741,REP,43.0,,,,,,,,,,,,,,,,,,,,,,,,,,,,,,,,,,,,,,,,,,,,,,,,,,,,,,,,,,,,,,,,,,,,,
27486,169,Gallup,135,USA Today,Gallup,112,Gallup,B+,,,5/10/10,5/16/10,,"",,32764,,"",,"",,9/18/12 17:50,"",,538-old,false,,8657,U.S. House,,,false,13740,DEM,45.0,13741,REP,46.0,,,,,,,,,,,,,,,,,,,,,,,,,,,,,,,,,,,,,,,,,,,,,,,,,,,,,,,,,,,,,,,,,,,,,
1354,241,Ipsos,"71,360",Reuters | McClatchy Newspapers,Ipsos,154,Ipsos,B-,,,5/6/10,5/9/10,,"",,32766,,,,,,9/18/12 17:50,"",,538-old,false,,8657,U.S. House,,,false,13740,DEM,45.0,13741,REP,42.0,,,,,,,,,,,,,,,,,,,,,,,,,,,,,,,,,,,,,,,,,,,,,,,,,,,,,,,,,,,,,,,,,,,,,
1356,357,Opinion Dynamics,149,FOX News,Fox News/Opinion Dynamics Corp.,104,Fox News/Opinion Dynamics Corp.,A/B,Live Phone,,5/4/10,5/5/10,,"",,32769,,,,,,9/18/12 17:50,"",http://www.foxnews.com/projects/pdf/051210_electionpoll.pdf,538-old,false,,8657,U.S. House,,,false,13740,DEM,40.0,13741,REP,42.0,,,,,,,,,,,,,,,,,,,,,,,,,,,,,,,,,,,,,,,,,,,,,,,,,,,,,,,,,,,,,,,,,,,,,
27490,399,Rasmussen (Pulse Opinion Research),"","",Rasmussen Reports/Pulse Opinion Research,277,Rasmussen Reports/Pulse Opinion Research,B,,,5/3/10,5/8/10,,"",,32768,,,,,,9/18/12 17:50,"",,538-old,false,,8657,U.S. House,,,false,13740,DEM,38.0,13741,REP,44.0,,,,,,,,,,,,,,,,,,,,,,,,,,,,,,,,,,,,,,,,,,,,,,,,,,,,,,,,,,,,,,,,,,,,,
27489,169,Gallup,135,USA Today,Gallup,112,Gallup,B+,,,5/3/10,5/8/10,,"",,32767,,"",,"",,9/18/12 17:50,"",,538-old,false,,8657,U.S. House,,,false,13740,DEM,46.0,13741,REP,46.0,,,,,,,,,,,,,,,,,,,,,,,,,,,,,,,,,,,,,,,,,,,,,,,,,,,,,,,,,,,,,,,,,,,,,
66655,1267,WG/New Models,1313,New Models,The Winston Group,385,The Winston Group,A/B,Live Phone,,4/30/10,5/2/10,,"",,124261,1000,rv,,rv,,5/29/20 16:33,"",https://www.winningtheissues.org/wp-content/uploads/2016/06/April-II-Website-Aggs.pdf,538,false,REP,8657,U.S. House,,,false,13740,DEM,47.0,13741,REP,43.0,,Undecided,5.0,,DK/Refused,5.0,,,,,,,,,,,,,,,,,,,,,,,,,,,,,,,,,,,,,,,,,,,,,,,,,,,,,,,,,,,,,,,
27493,399,Rasmussen (Pulse Opinion Research),"","",Rasmussen Reports/Pulse Opinion Research,277,Rasmussen Reports/Pulse Opinion Research,B,,,4/26/10,5/2/10,,"",,32771,,,,,,9/18/12 17:50,"",,538-old,false,,8657,U.S. House,,,false,13740,DEM,37.0,13741,REP,44.0,,,,,,,,,,,,,,,,,,,,,,,,,,,,,,,,,,,,,,,,,,,,,,,,,,,,,,,,,,,,,,,,,,,,,
27492,169,Gallup,135,USA Today,Gallup,112,Gallup,B+,,,4/26/10,5/2/10,,"",,32770,,"",,"",,9/18/12 17:50,"",,538-old,false,,8657,U.S. House,,,false,13740,DEM,45.0,13741,REP,45.0,,,,,,,,,,,,,,,,,,,,,,,,,,,,,,,,,,,,,,,,,,,,,,,,,,,,,,,,,,,,,,,,,,,,,
1371,1704,ABC/Washington Post,"","",ABC News/The Washington Post,3,ABC News/The Washington Post,A+,Live Phone,,4/22/10,4/25/10,,"",,120389,,rv,,rv,,3/24/20 10:54,"",http://abcnews.go.com/images/Politics/1112a1_2010_Midterms.pdf,538,false,,8657,U.S. House,,,false,13740,DEM,48.0,13741,REP,43.0,,Other,1.0,,Neither,2.0,,Will not vote,1.0,,No opinion,6.0,,,,,,,,,,,,,,,,,,,,,,,,,,,,,,,,,,,,,,,,,,,,,,,,,,,,,,,,,
1372,333,National Journal,"402,527",National Journal | Allstate,National Journal,224,National Journal,A/B,,,4/22/10,4/26/10,,"",,32772,,,,,,9/18/12 17:50,"",,538-old,false,,8657,U.S. House,,,false,13740,DEM,39.0,13741,REP,35.0,,,,,,,,,,,,,,,,,,,,,,,,,,,,,,,,,,,,,,,,,,,,,,,,,,,,,,,,,,,,,,,,,,,,,
1376,357,Opinion Dynamics,149,FOX News,Fox News/Opinion Dynamics Corp.,104,Fox News/Opinion Dynamics Corp.,A/B,,,4/20/10,4/21/10,,"",,32776,,,,,,9/18/12 17:50,"",,538-old,false,,8657,U.S. House,,,false,13740,DEM,38.0,13741,REP,42.0,,,,,,,,,,,,,,,,,,,,,,,,,,,,,,,,,,,,,,,,,,,,,,,,,,,,,,,,,,,,,,,,,,,,,
27497,399,Rasmussen (Pulse Opinion Research),"","",Rasmussen Reports/Pulse Opinion Research,277,Rasmussen Reports/Pulse Opinion Research,B,,,4/19/10,4/25/10,,"",,32775,,,,,,9/18/12 17:50,"",,538-old,false,,8657,U.S. House,,,false,13740,DEM,38.0,13741,REP,44.0,,,,,,,,,,,,,,,,,,,,,,,,,,,,,,,,,,,,,,,,,,,,,,,,,,,,,,,,,,,,,,,,,,,,,
27496,169,Gallup,135,USA Today,Gallup,112,Gallup,B+,,,4/19/10,4/25/10,,"",,32774,,"",,"",,9/18/12 17:50,"",,538-old,false,,8657,U.S. House,,,false,13740,DEM,45.0,13741,REP,45.0,,,,,,,,,,,,,,,,,,,,,,,,,,,,,,,,,,,,,,,,,,,,,,,,,,,,,,,,,,,,,,,,,,,,,
1382,187,Greenberg Quinlan Rosner,471,Democracy Corps,GQR,126,GQR Research (GQRR),B,,,4/17/10,4/20/10,,"",,32777,,,,,,9/18/12 17:50,"",,538-old,false,DEM,8657,U.S. House,,,false,13740,DEM,43.0,13741,REP,45.0,,,,,,,,,,,,,,,,,,,,,,,,,,,,,,,,,,,,,,,,,,,,,,,,,,,,,,,,,,,,,,,,,,,,,
43116,1267,WG/New Models,1313,New Models,The Winston Group,385,The Winston Group,A/B,Live Phone,,4/13/10,4/14/10,,"",,124260,1000,rv,,rv,,5/29/20 16:33,"",https://www.winningtheissues.org/wp-content/uploads/2016/06/Apr-I-Website-Aggs.pdf,538,false,REP,8657,U.S. House,,,false,13740,DEM,45.0,13741,REP,46.0,,Undecided,6.0,,DK/Refused,3.0,,,,,,,,,,,,,,,,,,,,,,,,,,,,,,,,,,,,,,,,,,,,,,,,,,,,,,,,,,,,,,,
27500,169,Gallup,135,USA Today,Gallup,112,Gallup,B+,,,4/12/10,4/18/10,,"",,32778,,"",,"",,9/18/12 17:50,"",,538-old,false,,8657,U.S. House,,,false,13740,DEM,43.0,13741,REP,46.0,,,,,,,,,,,,,,,,,,,,,,,,,,,,,,,,,,,,,,,,,,,,,,,,,,,,,,,,,,,,,,,,,,,,,
27501,399,Rasmussen (Pulse Opinion Research),"","",Rasmussen Reports/Pulse Opinion Research,277,Rasmussen Reports/Pulse Opinion Research,B,,,4/12/10,4/18/10,,"",,32779,,,,,,9/18/12 17:50,"",,538-old,false,,8657,U.S. House,,,false,13740,DEM,36.0,13741,REP,46.0,,,,,,,,,,,,,,,,,,,,,,,,,,,,,,,,,,,,,,,,,,,,,,,,,,,,,,,,,,,,,,,,,,,,,
58966,100,Opinion Research Corporation,143,CNN,Opinion Research Corporation,37,Big Village/Opinion Research Corporation,B,Live Phone,,4/9/10,4/11/10,,"",,32780,,,,,,9/18/12 17:50,"",,538-old,false,,8657,U.S. House,,,false,13740,DEM,50.0,13741,REP,46.0,,,,,,,,,,,,,,,,,,,,,,,,,,,,,,,,,,,,,,,,,,,,,,,,,,,,,,,,,,,,,,,,,,,,,
1399,383,PPP,"","",Public Policy Polling,263,Public Policy Polling,A-,,,4/9/10,4/11/10,,"",,32781,,,,,,9/18/12 17:50,"",,538-old,false,,8657,U.S. House,,,false,13740,DEM,42.0,13741,REP,47.0,,,,,,,,,,,,,,,,,,,,,,,,,,,,,,,,,,,,,,,,,,,,,,,,,,,,,,,,,,,,,,,,,,,,,
1403,357,Opinion Dynamics,149,FOX News,Fox News/Opinion Dynamics Corp.,104,Fox News/Opinion Dynamics Corp.,A/B,Live Phone,,4/6/10,4/7/10,,"",,32785,,,,,,9/18/12 17:50,"",http://www.foxnews.com/projects/pdf/040810_Obama_HC_2010_web.pdf,538-old,false,,8657,U.S. House,,,false,13740,DEM,39.0,13741,REP,43.0,,,,,,,,,,,,,,,,,,,,,,,,,,,,,,,,,,,,,,,,,,,,,,,,,,,,,,,,,,,,,,,,,,,,,
27505,399,Rasmussen (Pulse Opinion Research),"","",Rasmussen Reports/Pulse Opinion Research,277,Rasmussen Reports/Pulse Opinion Research,B,,,4/5/10,4/11/10,,"",,32783,,,,,,9/18/12 17:50,"",,538-old,false,,8657,U.S. House,,,false,13740,DEM,36.0,13741,REP,45.0,,,,,,,,,,,,,,,,,,,,,,,,,,,,,,,,,,,,,,,,,,,,,,,,,,,,,,,,,,,,,,,,,,,,,
27504,169,Gallup,135,USA Today,Gallup,112,Gallup,B+,,,4/5/10,4/11/10,,"",,32782,,"",,"",,9/18/12 17:50,"",,538-old,false,,8657,U.S. House,,,false,13740,DEM,44.0,13741,REP,48.0,,,,,,,,,,,,,,,,,,,,,,,,,,,,,,,,,,,,,,,,,,,,,,,,,,,,,,,,,,,,,,,,,,,,,
27506,261,Lake Research Partners/The Tarrance Group,"508,538",George Washington University | Politico,Lake Research Partners/The Tarrance Group,114,Georgetown University (Battleground),A/B,,,4/5/10,4/8/10,,"",,32784,,,,,,9/18/12 17:50,"",,538-old,false,,8657,U.S. House,,,false,13740,DEM,40.0,13741,REP,41.0,,,,,,,,,,,,,,,,,,,,,,,,,,,,,,,,,,,,,,,,,,,,,,,,,,,,,,,,,,,,,,,,,,,,,
27508,241,Ipsos,360,McClatchy Newspapers,Ipsos,154,Ipsos,B-,,,4/1/10,4/5/10,,"",,32786,,,,,,9/18/12 17:50,"",,538-old,false,,8657,U.S. House,,,false,13740,DEM,45.0,13741,REP,46.0,,,,,,,,,,,,,,,,,,,,,,,,,,,,,,,,,,,,,,,,,,,,,,,,,,,,,,,,,,,,,,,,,,,,,
27509,169,Gallup,135,USA Today,Gallup,112,Gallup,B+,,,3/29/10,4/4/10,,"",,32787,,"",,"",,9/18/12 17:50,"",,538-old,false,,8657,U.S. House,,,false,13740,DEM,46.0,13741,REP,46.0,,,,,,,,,,,,,,,,,,,,,,,,,,,,,,,,,,,,,,,,,,,,,,,,,,,,,,,,,,,,,,,,,,,,,
27510,399,Rasmussen (Pulse Opinion Research),"","",Rasmussen Reports/Pulse Opinion Research,277,Rasmussen Reports/Pulse Opinion Research,B,,,3/29/10,4/4/10,,"",,32788,,,,,,9/18/12 17:50,"",,538-old,false,,8657,U.S. House,,,false,13740,DEM,38.0,13741,REP,47.0,,,,,,,,,,,,,,,,,,,,,,,,,,,,,,,,,,,,,,,,,,,,,,,,,,,,,,,,,,,,,,,,,,,,,
43113,600,USA Today/Gallup,135,USA Today,USA Today/Gallup,112,Gallup,B+,,,3/26/10,3/28/10,,"",,32789,,,,,,9/18/12 17:50,"",http://ropercenter.cornell.edu/polls/presidential-approval/,538-old,false,,8657,U.S. House,,,false,13740,DEM,45.0,13741,REP,46.0,,,,,,,,,,,,,,,,,,,,,,,,,,,,,,,,,,,,,,,,,,,,,,,,,,,,,,,,,,,,,,,,,,,,,
1418,100,Opinion Research Corporation,143,CNN,Opinion Research Corporation,37,Big Village/Opinion Research Corporation,B,,,3/25/10,3/28/10,,"",,32790,,,,,,9/18/12 17:50,"",,538-old,false,,8657,U.S. House,,,false,13740,DEM,45.0,13741,REP,49.0,,,,,,,,,,,,,,,,,,,,,,,,,,,,,,,,,,,,,,,,,,,,,,,,,,,,,,,,,,,,,,,,,,,,,
43111,1267,WG/New Models,1313,New Models,The Winston Group,385,The Winston Group,A/B,Live Phone,,3/23/10,3/24/10,,"",,124259,1000,rv,,rv,,5/29/20 16:33,"",https://www.winningtheissues.org/wp-content/uploads/2016/06/March-Website-Aggs.pdf,538,false,REP,8657,U.S. House,,,false,13740,DEM,46.0,13741,REP,47.0,,Undecided,4.0,,DK/Refused,3.0,,,,,,,,,,,,,,,,,,,,,,,,,,,,,,,,,,,,,,,,,,,,,,,,,,,,,,,,,,,,,,,
27515,1704,ABC/Washington Post,"","",ABC News/The Washington Post,3,ABC News/The Washington Post,A+,Live Phone,,3/23/10,3/26/10,,"",,120390,,rv,,rv,,3/24/20 10:54,"",http://abcnews.go.com/images/Politics/1112a1_2010_Midterms.pdf,538,false,,8657,U.S. House,,,false,13740,DEM,48.0,13741,REP,44.0,,Other,1.0,,Neither,2.0,,Will not vote,0.0,,No opinion,4.0,,,,,,,,,,,,,,,,,,,,,,,,,,,,,,,,,,,,,,,,,,,,,,,,,,,,,,,,,
27514,399,Rasmussen (Pulse Opinion Research),"","",Rasmussen Reports/Pulse Opinion Research,277,Rasmussen Reports/Pulse Opinion Research,B,,,3/22/10,3/28/10,,"",,32792,,,,,,9/18/12 17:50,"",,538-old,false,,8657,U.S. House,,,false,13740,DEM,39.0,13741,REP,46.0,,,,,,,,,,,,,,,,,,,,,,,,,,,,,,,,,,,,,,,,,,,,,,,,,,,,,,,,,,,,,,,,,,,,,
27513,169,Gallup,135,USA Today,Gallup,112,Gallup,B+,,,3/22/10,3/28/10,,"",,32791,,"",,"",,9/18/12 17:50,"",,538-old,false,,8657,U.S. House,,,false,13740,DEM,44.0,13741,REP,47.0,,,,,,,,,,,,,,,,,,,,,,,,,,,,,,,,,,,,,,,,,,,,,,,,,,,,,,,,,,,,,,,,,,,,,
1429,100,Opinion Research Corporation,143,CNN,Opinion Research Corporation,37,Big Village/Opinion Research Corporation,B,,,3/19/10,3/21/10,,"",,32794,,,,,,9/18/12 17:50,"",,538-old,false,,8657,U.S. House,,,false,13740,DEM,45.0,13741,REP,48.0,,,,,,,,,,,,,,,,,,,,,,,,,,,,,,,,,,,,,,,,,,,,,,,,,,,,,,,,,,,,,,,,,,,,,
27517,396,Quinnipiac,"","",Quinnipiac University,267,Quinnipiac University,A-,Live Phone,,3/16/10,3/21/10,,"",,32795,,,,,,9/18/12 17:50,"",,538-old,false,,8657,U.S. House,,,false,13740,DEM,39.0,13741,REP,44.0,,,,,,,,,,,,,,,,,,,,,,,,,,,,,,,,,,,,,,,,,,,,,,,,,,,,,,,,,,,,,,,,,,,,,
1435,357,Opinion Dynamics,149,FOX News,Fox News/Opinion Dynamics Corp.,104,Fox News/Opinion Dynamics Corp.,A/B,,,3/16/10,3/17/10,,"",,32799,,,,,,9/18/12 17:50,"",,538-old,false,,8657,U.S. House,,,false,13740,DEM,38.0,13741,REP,42.0,,,,,,,,,,,,,,,,,,,,,,,,,,,,,,,,,,,,,,,,,,,,,,,,,,,,,,,,,,,,,,,,,,,,,
27518,169,Gallup,135,USA Today,Gallup,112,Gallup,B+,,,3/15/10,3/21/10,,"",,32796,,"",,"",,9/18/12 17:50,"",,538-old,false,,8657,U.S. House,,,false,13740,DEM,47.0,13741,REP,45.0,,,,,,,,,,,,,,,,,,,,,,,,,,,,,,,,,,,,,,,,,,,,,,,,,,,,,,,,,,,,,,,,,,,,,
27519,399,Rasmussen (Pulse Opinion Research),"","",Rasmussen Reports/Pulse Opinion Research,277,Rasmussen Reports/Pulse Opinion Research,B,,,3/15/10,3/21/10,,"",,32797,,,,,,9/18/12 17:50,"",,538-old,false,,8657,U.S. House,,,false,13740,DEM,35.0,13741,REP,43.0,,,,,,,,,,,,,,,,,,,,,,,,,,,,,,,,,,,,,,,,,,,,,,,,,,,,,,,,,,,,,,,,,,,,,
1437,187,Greenberg Quinlan Rosner,471,Democracy Corps,GQR,126,GQR Research (GQRR),B,,,3/15/10,3/18/10,,"",,32798,,,,,,9/18/12 17:50,"",,538-old,false,DEM,8657,U.S. House,,,false,13740,DEM,44.0,13741,REP,43.0,,,,,,,,,,,,,,,,,,,,,,,,,,,,,,,,,,,,,,,,,,,,,,,,,,,,,,,,,,,,,,,,,,,,,
1442,383,PPP,"","",Public Policy Polling,263,Public Policy Polling,A-,,,3/12/10,3/14/10,,"",,32800,,,,,,9/18/12 17:50,"",,538-old,false,,8657,U.S. House,,,false,13740,DEM,43.0,13741,REP,46.0,,,,,,,,,,,,,,,,,,,,,,,,,,,,,,,,,,,,,,,,,,,,,,,,,,,,,,,,,,,,,,,,,,,,,
27524,399,Rasmussen (Pulse Opinion Research),"","",Rasmussen Reports/Pulse Opinion Research,277,Rasmussen Reports/Pulse Opinion Research,B,,,3/8/10,3/14/10,,"",,32802,,,,,,9/18/12 17:50,"",,538-old,false,,8657,U.S. House,,,false,13740,DEM,35.0,13741,REP,45.0,,,,,,,,,,,,,,,,,,,,,,,,,,,,,,,,,,,,,,,,,,,,,,,,,,,,,,,,,,,,,,,,,,,,,
27523,169,Gallup,135,USA Today,Gallup,112,Gallup,B+,,,3/8/10,3/14/10,,"",,32801,,"",,"",,9/18/12 17:50,"",,538-old,false,,8657,U.S. House,,,false,13740,DEM,47.0,13741,REP,44.0,,,,,,,,,,,,,,,,,,,,,,,,,,,,,,,,,,,,,,,,,,,,,,,,,,,,,,,,,,,,,,,,,,,,,
27526,399,Rasmussen (Pulse Opinion Research),"","",Rasmussen Reports/Pulse Opinion Research,277,Rasmussen Reports/Pulse Opinion Research,B,,,3/1/10,3/7/10,,"",,32804,,,,,,9/18/12 17:50,"",,538-old,false,,8657,U.S. House,,,false,13740,DEM,37.0,13741,REP,44.0,,,,,,,,,,,,,,,,,,,,,,,,,,,,,,,,,,,,,,,,,,,,,,,,,,,,,,,,,,,,,,,,,,,,,
27525,169,Gallup,135,USA Today,Gallup,112,Gallup,B+,,,3/1/10,3/7/10,,"",,32803,,"",,"",,9/18/12 17:50,"",,538-old,false,,8657,U.S. House,,,false,13740,DEM,47.0,13741,REP,44.0,,,,,,,,,,,,,,,,,,,,,,,,,,,,,,,,,,,,,,,,,,,,,,,,,,,,,,,,,,,,,,,,,,,,,
1464,241,Ipsos,"71,360",Reuters | McClatchy Newspapers,Ipsos,154,Ipsos,B-,,,2/26/10,2/28/10,,"",,32805,,,,,,9/18/12 17:50,"",,538-old,false,,8657,U.S. House,,,false,13740,DEM,47.0,13741,REP,43.0,,,,,,,,,,,,,,,,,,,,,,,,,,,,,,,,,,,,,,,,,,,,,,,,,,,,,,,,,,,,,,,,,,,,,
1466,294,McLaughlin,"","",McLaughlin & Associates,203,McLaughlin & Associates,C/D,,,2/24/10,2/25/10,,"",,32807,,,,,,9/18/12 17:50,"",,538-old,false,,8657,U.S. House,,,false,13740,DEM,35.0,13741,REP,42.0,,,,,,,,,,,,,,,,,,,,,,,,,,,,,,,,,,,,,,,,,,,,,,,,,,,,,,,,,,,,,,,,,,,,,
27528,399,Rasmussen (Pulse Opinion Research),"","",Rasmussen Reports/Pulse Opinion Research,277,Rasmussen Reports/Pulse Opinion Research,B,,,2/22/10,2/28/10,,"",,32806,,,,,,9/18/12 17:50,"",,538-old,false,,8657,U.S. House,,,false,13740,DEM,36.0,13741,REP,44.0,,,,,,,,,,,,,,,,,,,,,,,,,,,,,,,,,,,,,,,,,,,,,,,,,,,,,,,,,,,,,,,,,,,,,
43106,1267,WG/New Models,1313,New Models,The Winston Group,385,The Winston Group,A/B,Live Phone,,2/22/10,2/23/10,,"",,124258,1000,rv,,rv,,5/29/20 16:33,"",https://www.winningtheissues.org/wp-content/uploads/2016/06/Feb-2010-website-aggs.pdf,538,false,REP,8657,U.S. House,,,false,13740,DEM,46.0,13741,REP,44.0,,Undecided,5.0,,DK/Refused,5.0,,,,,,,,,,,,,,,,,,,,,,,,,,,,,,,,,,,,,,,,,,,,,,,,,,,,,,,,,,,,,,,
1472,187,Greenberg Quinlan Rosner,471,Democracy Corps,GQR,126,GQR Research (GQRR),B,,,2/20/10,2/24/10,,"",,32808,,,,,,9/18/12 17:50,"",,538-old,false,DEM,8657,U.S. House,,,false,13740,DEM,46.0,13741,REP,49.0,,,,,,,,,,,,,,,,,,,,,,,,,,,,,,,,,,,,,,,,,,,,,,,,,,,,,,,,,,,,,,,,,,,,,
1476,390,PSRAI,380,Newsweek,PSRAI,258,Princeton Survey Research Associates International,A/B,,,2/17/10,2/18/10,,"",,32810,,,,,,9/18/12 17:50,"",,538-old,false,,8657,U.S. House,,,false,13740,DEM,45.0,13741,REP,43.0,,,,,,,,,,,,,,,,,,,,,,,,,,,,,,,,,,,,,,,,,,,,,,,,,,,,,,,,,,,,,,,,,,,,,
1477,379,POS,"","",Public Opinion Strategies,260,Public Opinion Strategies,A-,,,2/17/10,2/18/10,,"",,32811,,,,,,9/18/12 17:50,"",,538-old,false,,8657,U.S. House,,,false,13740,DEM,42.0,13741,REP,43.0,,,,,,,,,,,,,,,,,,,,,,,,,,,,,,,,,,,,,,,,,,,,,,,,,,,,,,,,,,,,,,,,,,,,,
27531,399,Rasmussen (Pulse Opinion Research),"","",Rasmussen Reports/Pulse Opinion Research,277,Rasmussen Reports/Pulse Opinion Research,B,,,2/15/10,2/21/10,,"",,32809,,,,,,9/18/12 17:50,"",,538-old,false,,8657,U.S. House,,,false,13740,DEM,35.0,13741,REP,44.0,,,,,,,,,,,,,,,,,,,,,,,,,,,,,,,,,,,,,,,,,,,,,,,,,,,,,,,,,,,,,,,,,,,,,
1483,100,Opinion Research Corporation,143,CNN,Opinion Research Corporation,37,Big Village/Opinion Research Corporation,B,,,2/12/10,2/15/10,,"",,32812,,,,,,9/18/12 17:50,"",,538-old,false,,8657,U.S. House,,,false,13740,DEM,45.0,13741,REP,47.0,,,,,,,,,,,,,,,,,,,,,,,,,,,,,,,,,,,,,,,,,,,,,,,,,,,,,,,,,,,,,,,,,,,,,
27535,399,Rasmussen (Pulse Opinion Research),"","",Rasmussen Reports/Pulse Opinion Research,277,Rasmussen Reports/Pulse Opinion Research,B,,,2/8/10,2/14/10,,"",,32813,,,,,,9/18/12 17:50,"",,538-old,false,,8657,U.S. House,,,false,13740,DEM,36.0,13741,REP,45.0,,,,,,,,,,,,,,,,,,,,,,,,,,,,,,,,,,,,,,,,,,,,,,,,,,,,,,,,,,,,,,,,,,,,,
1492,1704,ABC/Washington Post,"","",ABC News/The Washington Post,3,ABC News/The Washington Post,A+,,,2/4/10,2/8/10,,"",,120391,,rv,,rv,,3/24/20 10:55,"",http://abcnews.go.com/images/Politics/1112a1_2010_Midterms.pdf,538,false,,8657,U.S. House,,,false,13740,DEM,45.0,13741,REP,48.0,,Other,0.0,,Neither,3.0,,Will not vote,0.0,,No opinion,4.0,,,,,,,,,,,,,,,,,,,,,,,,,,,,,,,,,,,,,,,,,,,,,,,,,,,,,,,,,
1495,370,Pew,"","",Pew Research Center,253,Pew Research Center,B/C,,,2/3/10,2/9/10,,"",,32814,,,,,,9/18/12 17:50,"",,538-old,false,,8657,U.S. House,,,false,13740,DEM,45.0,13741,REP,42.0,,,,,,,,,,,,,,,,,,,,,,,,,,,,,,,,,,,,,,,,,,,,,,,,,,,,,,,,,,,,,,,,,,,,,
1498,187,Greenberg Quinlan Rosner,471,Democracy Corps,GQR,126,GQR Research (GQRR),B,,,2/2/10,2/4/10,,"",,32817,,,,,,9/18/12 17:50,"",,538-old,false,DEM,8657,U.S. House,,,false,13740,DEM,46.0,13741,REP,45.0,,,,,,,,,,,,,,,,,,,,,,,,,,,,,,,,,,,,,,,,,,,,,,,,,,,,,,,,,,,,,,,,,,,,,
27538,399,Rasmussen (Pulse Opinion Research),"","",Rasmussen Reports/Pulse Opinion Research,277,Rasmussen Reports/Pulse Opinion Research,B,,,2/1/10,2/7/10,,"",,32816,,,,,,9/18/12 17:50,"",,538-old,false,,8657,U.S. House,,,false,13740,DEM,36.0,13741,REP,44.0,,,,,,,,,,,,,,,,,,,,,,,,,,,,,,,,,,,,,,,,,,,,,,,,,,,,,,,,,,,,,,,,,,,,,
1500,169,Gallup,"","",Gallup,112,Gallup,B+,,,2/1/10,2/3/10,,"",,32818,1025,a,,a,,9/18/12 17:50,"",https://news.gallup.com/poll/125744/Parties-Tied-2010-Midterm-Election-Preferences.aspx,538-old,false,,8657,U.S. House,,,false,13740,DEM,45.0,13741,REP,45.0,,,,,,,,,,,,,,,,,,,,,,,,,,,,,,,,,,,,,,,,,,,,,,,,,,,,,,,,,,,,,,,,,,,,,
1505,383,PPP,"","",Public Policy Polling,263,Public Policy Polling,A-,,,1/29/10,1/31/10,,"",,32819,,,,,,9/18/12 17:50,"",,538-old,false,,8657,U.S. House,,,false,13740,DEM,40.0,13741,REP,43.0,,,,,,,,,,,,,,,,,,,,,,,,,,,,,,,,,,,,,,,,,,,,,,,,,,,,,,,,,,,,,,,,,,,,,
27542,399,Rasmussen (Pulse Opinion Research),"","",Rasmussen Reports/Pulse Opinion Research,277,Rasmussen Reports/Pulse Opinion Research,B,,,1/25/10,1/31/10,,"",,32820,,,,,,9/18/12 17:50,"",,538-old,false,,8657,U.S. House,,,false,13740,DEM,38.0,13741,REP,45.0,,,,,,,,,,,,,,,,,,,,,,,,,,,,,,,,,,,,,,,,,,,,,,,,,,,,,,,,,,,,,,,,,,,,,
43104,1267,WG/New Models,1313,New Models,The Winston Group,385,The Winston Group,A/B,Live Phone,,1/25/10,1/26/10,,"",,124257,1000,rv,,rv,,5/29/20 16:33,"",https://www.winningtheissues.org/wp-content/uploads/2016/06/Jan-2010-website-Aggs.pdf,538,false,REP,8657,U.S. House,,,false,13740,DEM,44.0,13741,REP,47.0,,Undecided,5.0,,DK/Refused,4.0,,,,,,,,,,,,,,,,,,,,,,,,,,,,,,,,,,,,,,,,,,,,,,,,,,,,,,,,,,,,,,,
1518,1576,GQR/Public Opinion Strategies,373,NPR,NPR,222,NPR,B/C,,,1/20/10,1/23/10,,"",,32822,,,,,,9/18/12 17:50,"",,538-old,false,,8657,U.S. House,,,false,13740,DEM,39.0,13741,REP,44.0,,,,,,,,,,,,,,,,,,,,,,,,,,,,,,,,,,,,,,,,,,,,,,,,,,,,,,,,,,,,,,,,,,,,,
1520,294,McLaughlin,"","",McLaughlin & Associates,203,McLaughlin & Associates,C/D,,,1/19/10,1/20/10,,"",,32823,,,,,,9/18/12 17:50,"",,538-old,false,,8657,U.S. House,,,false,13740,DEM,37.0,13741,REP,42.0,,,,,,,,,,,,,,,,,,,,,,,,,,,,,,,,,,,,,,,,,,,,,,,,,,,,,,,,,,,,,,,,,,,,,
1522,383,PPP,"","",Public Policy Polling,263,Public Policy Polling,A-,IVR,,1/18/10,1/19/10,,"",,32824,,,,,,9/18/12 17:50,"",,538-old,false,,8657,U.S. House,,,false,13740,DEM,42.0,13741,REP,45.0,,,,,,,,,,,,,,,,,,,,,,,,,,,,,,,,,,,,,,,,,,,,,,,,,,,,,,,,,,,,,,,,,,,,,
27543,399,Rasmussen (Pulse Opinion Research),"","",Rasmussen Reports/Pulse Opinion Research,277,Rasmussen Reports/Pulse Opinion Research,B,,,1/18/10,1/24/10,,"",,32821,,,,,,9/18/12 17:50,"",,538-old,false,,8657,U.S. House,,,false,13740,DEM,37.0,13741,REP,46.0,,,,,,,,,,,,,,,,,,,,,,,,,,,,,,,,,,,,,,,,,,,,,,,,,,,,,,,,,,,,,,,,,,,,,
27547,399,Rasmussen (Pulse Opinion Research),"","",Rasmussen Reports/Pulse Opinion Research,277,Rasmussen Reports/Pulse Opinion Research,B,,,1/11/10,1/17/10,,"",,32825,,,,,,9/18/12 17:50,"",,538-old,false,,8657,U.S. House,,,false,13740,DEM,37.0,13741,REP,45.0,,,,,,,,,,,,,,,,,,,,,,,,,,,,,,,,,,,,,,,,,,,,,,,,,,,,,,,,,,,,,,,,,,,,,
1537,100,Opinion Research Corporation,143,CNN,Opinion Research Corporation,37,Big Village/Opinion Research Corporation,B,,,1/8/10,1/10/10,,"",,32827,,,,,,9/18/12 17:50,"",,538-old,false,,8657,U.S. House,,,false,13740,DEM,45.0,13741,REP,48.0,,,,,,,,,,,,,,,,,,,,,,,,,,,,,,,,,,,,,,,,,,,,,,,,,,,,,,,,,,,,,,,,,,,,,
1539,187,Greenberg Quinlan Rosner,471,Democracy Corps,GQR,126,GQR Research (GQRR),B,,,1/7/10,1/11/10,,"",,32826,,,,,,9/18/12 17:50,"",,538-old,false,DEM,8657,U.S. House,,,false,13740,DEM,45.0,13741,REP,46.0,,,,,,,,,,,,,,,,,,,,,,,,,,,,,,,,,,,,,,,,,,,,,,,,,,,,,,,,,,,,,,,,,,,,,
1543,370,Pew,"","",Pew Research Center,253,Pew Research Center,B/C,,,1/6/10,1/10/10,,"",,32828,,,,,,9/18/12 17:50,"",,538-old,false,,8657,U.S. House,,,false,13740,DEM,46.0,13741,REP,44.0,,,,,,,,,,,,,,,,,,,,,,,,,,,,,,,,,,,,,,,,,,,,,,,,,,,,,,,,,,,,,,,,,,,,,
27551,399,Rasmussen (Pulse Opinion Research),"","",Rasmussen Reports/Pulse Opinion Research,277,Rasmussen Reports/Pulse Opinion Research,B,,,1/4/10,1/10/10,,"",,32829,,,,,,9/18/12 17:50,"",,538-old,false,,8657,U.S. House,,,false,13740,DEM,36.0,13741,REP,45.0,,,,,,,,,,,,,,,,,,,,,,,,,,,,,,,,,,,,,,,,,,,,,,,,,,,,,,,,,,,,,,,,,,,,,
27552,399,Rasmussen (Pulse Opinion Research),"","",Rasmussen Reports/Pulse Opinion Research,277,Rasmussen Reports/Pulse Opinion Research,B,,,12/28/09,1/3/10,,"",,32830,,,,,,9/18/12 17:50,"",,538-old,false,,8657,U.S. House,,,false,13740,DEM,35.0,13741,REP,44.0,,,,,,,,,,,,,,,,,,,,,,,,,,,,,,,,,,,,,,,,,,,,,,,,,,,,,,,,,,,,,,,,,,,,,
27553,399,Rasmussen (Pulse Opinion Research),"","",Rasmussen Reports/Pulse Opinion Research,277,Rasmussen Reports/Pulse Opinion Research,B,,,12/27/09,1/2/10,,"",,32831,,,,,,9/18/12 17:50,"",,538-old,false,,8657,U.S. House,,,false,13740,DEM,35.0,13741,REP,45.0,,,,,,,,,,,,,,,,,,,,,,,,,,,,,,,,,,,,,,,,,,,,,,,,,,,,,,,,,,,,,,,,,,,,,
